ime,Device name,Chip Time(),Acceleration X(g),Acceleration Y(g),Acceleration Z(g),Angular velocity X(°/s),Angular velocity Y(°/s),Angular velocity Z(°/s),ShiftX(mm),ShiftY(mm),ShiftZ(mm),SpeedX(mm/s),SpeedY(mm/s),SpeedZ(mm/s),Angle X(°),Angle Y(°),Angle Z(°)
23:46:45.686,eb:33:2e:f9:57:b5,,-1.01562,-0.092285,0.064941,,,0.183105,,,,,,,-54.1791,82.7106,18.1604
23:46:45.750,eb:33:2e:f9:57:b5,,-1.0166,-0.092773,0.06543,,,0.12207,,,,,,,-54.2065,82.7106,18.1494
23:46:45.786,eb:33:2e:f9:57:b5,,-1.01611,-0.092285,0.06543,,,0.183105,,,,,,,-54.2285,82.7106,18.1439
23:46:45.807,eb:33:2e:f9:57:b5,,-1.01611,-0.092285,0.064941,,,0.12207,,,,,,,-54.234,82.7106,18.1494
23:46:45.851,eb:33:2e:f9:57:b5,,-1.0166,-0.09375,0.064941,,,0.12207,,,,,,,-54.2175,82.7106,18.1714
23:46:45.888,eb:33:2e:f9:57:b5,,-1.01611,-0.092773,0.06543,,,0.244141,,,,,,,-54.223,82.7106,18.1769
23:46:45.922,eb:33:2e:f9:57:b5,,-1.01611,-0.092773,0.06543,,,0.12207,,,,,,,-54.4537,82.6666,18.1879
23:46:45.970,eb:33:2e:f9:57:b5,,-1.01562,-0.093262,0.063965,,,0.12207,,,,,,,-54.6735,82.6337,18.2373
23:46:46.008,eb:33:2e:f9:57:b5,,-1.0166,-0.093262,0.06543,,,0.12207,,,,,,,-54.7723,82.6282,18.3087
23:46:46.045,eb:33:2e:f9:57:b5,,-1.01514,-0.092773,0.064453,,,0.12207,,,,,,,-54.7833,82.6282,18.4241
23:46:46.086,eb:33:2e:f9:57:b5,,-1.01709,-0.093262,0.064941,,,0.12207,,,,,,,-54.7778,82.6337,18.5229
23:46:46.135,eb:33:2e:f9:57:b5,,-1.01709,-0.092773,0.066406,,,0.183105,,,,,,,-54.7174,82.6392,18.6603
23:46:46.166,eb:33:2e:f9:57:b5,,-1.01611,-0.092773,0.063477,,,0.12207,,,,,,,-54.6735,82.6392,18.7646
23:46:46.214,eb:33:2e:f9:57:b5,,-1.0166,-0.091797,0.06543,,,0.12207,,,,,,,-54.6844,82.6447,18.8086
23:46:46.250,eb:33:2e:f9:57:b5,,-1.0166,-0.091797,0.06543,,,0.183105,,,,,,,-54.6515,82.6501,18.891
23:46:46.295,eb:33:2e:f9:57:b5,,-1.01562,-0.093262,0.064453,,,0.183105,,,,,,,-54.6185,82.6501,18.9624
23:46:46.325,eb:33:2e:f9:57:b5,,-1.0166,-0.092285,0.064941,,,0.183105,,,,,,,-54.6021,82.6556,19.0118
23:46:46.373,eb:33:2e:f9:57:b5,,-1.0166,-0.092773,0.06543,,,0.183105,,,,,,,-54.5911,82.6556,19.0613
23:46:46.405,eb:33:2e:f9:57:b5,,-1.0166,-0.09375,0.065918,,,0.12207,,,,,,,-54.5636,82.6611,19.1162
23:46:46.453,eb:33:2e:f9:57:b5,,-1.01709,-0.092285,0.064453,,,0.12207,,,,,,,-54.5416,82.6611,19.1602
23:46:46.500,eb:33:2e:f9:57:b5,,-1.01709,-0.092773,0.064453,,,0.12207,,,,,,,-54.5306,82.6611,19.1986
23:46:46.537,eb:33:2e:f9:57:b5,,-1.01611,-0.09375,0.06543,,,0.12207,,,,,,,-54.5142,82.6666,19.2316
23:46:46.564,eb:33:2e:f9:57:b5,,-1.0166,-0.093262,0.064941,,,0.12207,,,,,,,-54.4922,82.6666,19.2755
23:46:46.612,eb:33:2e:f9:57:b5,,-1.0166,-0.092773,0.064941,,,0.061035,,,,,,,-54.4812,82.6666,19.2975
23:46:46.643,eb:33:2e:f9:57:b5,,-1.0166,-0.093262,0.066895,,,0.12207,,,,,,,-54.4812,82.6721,19.3195
23:46:46.691,eb:33:2e:f9:57:b5,,-1.0166,-0.092773,0.066406,,,0.183105,,,,,,,-54.4647,82.6721,19.3469
23:46:46.725,eb:33:2e:f9:57:b5,,-1.01562,-0.092285,0.064453,,,0.061035,,,,,,,-54.4427,82.6721,19.3799
23:46:46.771,eb:33:2e:f9:57:b5,,-1.01807,-0.092773,0.062988,,,0.061035,,,,,,,-54.4373,82.6721,19.3964
23:46:46.803,eb:33:2e:f9:57:b5,,-1.0166,-0.093262,0.066895,,,0.183105,,,,,,,-54.4427,82.6721,19.4073
23:46:46.851,eb:33:2e:f9:57:b5,,-1.01611,-0.09375,0.066406,,,0.183105,,,,,,,-54.4208,82.6721,19.4348
23:46:46.898,eb:33:2e:f9:57:b5,,-1.01611,-0.092773,0.062012,,0.061035,0.12207,,,,,,,-54.4098,82.6721,19.4568
23:46:46.981,eb:33:2e:f9:57:b5,,-1.01709,-0.092285,0.066406,,,0.183105,,,,,,,-54.4208,82.6776,19.4513
23:46:46.981,eb:33:2e:f9:57:b5,,-1.0166,-0.092773,0.065918,,,0.12207,,,,,,,-54.4098,82.6776,19.4733
23:46:47.042,eb:33:2e:f9:57:b5,,-1.01514,-0.092285,0.064453,,,0.12207,,,,,,,-54.3988,82.6776,19.4952
23:46:47.058,eb:33:2e:f9:57:b5,,-1.01611,-0.092773,0.064941,,,0.12207,,,,,,,-54.3933,82.6776,19.5117
23:46:47.091,eb:33:2e:f9:57:b5,,-1.01758,-0.091309,0.064453,,,0.061035,,,,,,,-54.3878,82.6776,19.5227
23:46:47.155,eb:33:2e:f9:57:b5,,-1.01758,-0.092285,0.065918,,,0.183105,,,,,,,-54.3878,82.6776,19.5282
23:46:47.186,eb:33:2e:f9:57:b5,,-1.01562,-0.09375,0.066895,,,0.12207,,,,,,,-54.3713,82.6776,19.5502
23:46:47.218,eb:33:2e:f9:57:b5,,-1.0166,-0.09375,0.062988,,,0.12207,,,,,,,-54.3604,82.6776,19.5666
23:46:47.281,eb:33:2e:f9:57:b5,,-1.01611,-0.092773,0.065918,,,0.061035,,,,,,,-54.3658,82.6831,19.5666
23:46:47.313,eb:33:2e:f9:57:b5,,-1.01709,-0.091797,0.066406,,0.061035,0.183105,,,,,,,-54.3604,82.6831,19.5776
23:46:47.329,eb:33:2e:f9:57:b5,,-1.01562,-0.09375,0.064453,,,0.12207,,,,,,,-54.3494,82.6831,19.5941
23:46:47.393,eb:33:2e:f9:57:b5,,-1.01709,-0.09375,0.063965,,,0.061035,,,,,,,-54.3549,82.6831,19.5996
23:46:47.425,eb:33:2e:f9:57:b5,,-1.01758,-0.091797,0.066406,,,0.061035,,,,,,,-54.3549,82.6831,19.6051
23:46:47.457,eb:33:2e:f9:57:b5,,-1.01562,-0.092773,0.065918,,,0.183105,,,,,,,-54.3384,82.6831,19.6216
23:46:47.526,eb:33:2e:f9:57:b5,,-1.01807,-0.092285,0.063477,,,0.12207,,,,,,,-54.3329,82.6831,19.6326
23:46:47.552,eb:33:2e:f9:57:b5,,-1.01562,-0.092773,0.064453,,0.061035,0.061035,,,,,,,-54.3384,82.6831,19.6271
23:46:47.570,eb:33:2e:f9:57:b5,,-1.01562,-0.09375,0.068359,,,0.183105,,,,,,,-54.3384,82.6831,19.6326
23:46:47.632,eb:33:2e:f9:57:b5,,-1.0166,-0.093262,0.061523,,,0.061035,,,,,,,-54.3274,82.6831,19.649
23:46:47.663,eb:33:2e:f9:57:b5,,-1.01709,-0.092285,0.06543,,,0.12207,,,,,,,-54.3384,82.6886,19.6436
23:46:47.695,eb:33:2e:f9:57:b5,,-1.01562,-0.092285,0.068848,,,0.183105,,,,,,,-54.3274,82.6886,19.66
23:46:47.760,eb:33:2e:f9:57:b5,,-1.01562,-0.094238,0.062012,,,0.12207,,,,,,,-54.3109,82.6886,19.6765
23:46:47.792,eb:33:2e:f9:57:b5,,-1.01758,-0.092773,0.063965,,,0.12207,,,,,,,-54.3164,82.6886,19.6765
23:46:47.876,eb:33:2e:f9:57:b5,,-1.01611,-0.092285,0.067383,,,0.061035,,,,,,,-54.3164,82.6886,19.6765
23:46:47.904,eb:33:2e:f9:57:b5,,-1.01514,-0.09375,0.065918,,,,,,,,,,-54.3054,82.6886,19.693
23:46:47.919,eb:33:2e:f9:57:b5,,-1.0166,-0.093262,0.064941,,,0.12207,,,,,,,-54.2944,82.6886,19.704
23:46:47.941,eb:33:2e:f9:57:b5,,-1.01709,-0.09375,0.063965,,,0.12207,,,,,,,-54.2999,82.6886,19.704
23:46:47.999,eb:33:2e:f9:57:b5,,-1.01514,-0.093262,0.067871,,,0.12207,,,,,,,-54.2999,82.6886,19.704
23:46:48.047,eb:33:2e:f9:57:b5,,-1.01807,-0.092285,0.064453,,,0.183105,,,,,,,-54.2889,82.6886,19.715
23:46:48.063,eb:33:2e:f9:57:b5,,-1.01611,-0.094238,0.060547,,,0.12207,,,,,,,-54.2944,82.6886,19.715
23:46:48.110,eb:33:2e:f9:57:b5,,-1.01856,-0.092285,0.069336,,,0.12207,,,,,,,-54.3109,82.6886,19.6985
23:46:48.142,eb:33:2e:f9:57:b5,,-1.01562,-0.092773,0.065918,,,0.183105,,,,,,,-54.2999,82.6886,19.715
23:46:48.206,eb:33:2e:f9:57:b5,,-1.01709,-0.092773,0.062012,,,0.183105,,,,,,,-54.2944,82.6886,19.7205
23:46:48.238,eb:33:2e:f9:57:b5,,-1.01562,-0.093262,0.065918,,,0.183105,,,,,,,-54.2999,82.6886,19.7205
23:46:48.272,eb:33:2e:f9:57:b5,,-1.0166,-0.093262,0.067871,,0.061035,0.183105,,,,,,,-54.2999,82.6886,19.7205
23:46:48.333,eb:33:2e:f9:57:b5,,-1.01465,-0.09375,0.062988,,,0.183105,,,,,,,-54.2889,82.6886,19.7314
23:46:48.348,eb:33:2e:f9:57:b5,,-1.01709,-0.092773,0.063965,,,0.183105,,,,,,,-54.2944,82.6886,19.7314
23:46:48.380,eb:33:2e:f9:57:b5,,-1.01709,-0.092285,0.067383,,,0.12207,,,,,,,-54.2944,82.6886,19.7314
23:46:48.444,eb:33:2e:f9:57:b5,,-1.01514,-0.093262,0.064453,,,0.12207,,,,,,,-54.2834,82.6886,19.7424
23:46:48.476,eb:33:2e:f9:57:b5,,-1.01709,-0.092773,0.063477,,,0.183105,,,,,,,-54.2834,82.6886,19.7479
23:46:48.507,eb:33:2e:f9:57:b5,,-1.0166,-0.092285,0.065918,,,0.12207,,,,,,,-54.2889,82.6886,19.7424
23:46:48.587,eb:33:2e:f9:57:b5,,-1.01709,-0.092285,0.06543,,,0.183105,,,,,,,-54.2834,82.6886,19.7479
23:46:48.616,eb:33:2e:f9:57:b5,,-1.01465,-0.094238,0.063965,,,0.244141,,,,,,,-54.2834,82.6886,19.7534
23:46:48.633,eb:33:2e:f9:57:b5,,-1.01611,-0.092285,0.066406,-0.061035,0.061035,0.061035,,,,,,,-54.2889,82.6886,19.7534
23:46:48.715,eb:33:2e:f9:57:b5,,-1.01953,-0.092285,0.067871,,0.061035,0.12207,,,,,,,-54.2834,82.6886,19.7534
23:46:48.731,eb:33:2e:f9:57:b5,,-1.02295,-0.092285,0.065918,,0.183105,,,,,,,,-54.267,82.6886,19.7754
23:46:48.747,eb:33:2e:f9:57:b5,,-1.00977,-0.100098,0.055176,,0.12207,0.061035,,,,,,,-54.2725,82.6941,19.7699
23:46:48.842,eb:33:2e:f9:57:b5,,-1.01269,-0.092285,0.071289,,0.12207,-0.061035,,,,,,,-54.3054,82.6941,19.7424
23:46:48.842,eb:33:2e:f9:57:b5,,-1.02148,-0.089355,0.062988,,0.061035,0.061035,,,,,,,-54.2944,82.6941,19.7534
23:46:48.858,eb:33:2e:f9:57:b5,,-1.01514,-0.09375,0.063965,,,0.244141,,,,,,,-54.2944,82.6941,19.7534
23:46:48.922,eb:33:2e:f9:57:b5,,-1.0166,-0.092285,0.070312,,,0.12207,,,,,,,-54.2944,82.6941,19.7534
23:46:48.954,eb:33:2e:f9:57:b5,,-1.01709,-0.093262,0.061035,,,0.12207,,,,,,,-54.2889,82.6886,19.7589
23:46:48.986,eb:33:2e:f9:57:b5,,-1.01367,-0.09375,0.060547,,,0.061035,,,,,,,-54.2999,82.6941,19.7479
23:46:49.050,eb:33:2e:f9:57:b5,,-1.0166,-0.092285,0.068848,,,0.061035,,,,,,,-54.3164,82.6941,19.7369
23:46:49.082,eb:33:2e:f9:57:b5,,-1.01514,-0.092773,0.067383,,,0.12207,,,,,,,-54.3054,82.6941,19.7479
23:46:49.100,eb:33:2e:f9:57:b5,,-1.01807,-0.094727,0.061523,,,0.244141,,,,,,,-54.2944,82.6886,19.7534
23:46:49.162,eb:33:2e:f9:57:b5,,-1.01269,-0.095215,0.061035,,,0.12207,,,,,,,-54.3109,82.6941,19.7424
23:46:49.193,eb:33:2e:f9:57:b5,,-1.01416,-0.09375,0.066895,,,0.183105,,,,,,,-54.3274,82.6941,19.726
23:46:49.225,eb:33:2e:f9:57:b5,,-1.01709,-0.092285,0.069336,,-0.061035,0.244141,,,,,,,-54.3219,82.6941,19.7314
23:46:49.292,eb:33:2e:f9:57:b5,,-1.01416,-0.093262,0.065918,,-0.12207,0.366211,,,,,,,-54.3109,82.6886,19.7424
23:46:49.321,eb:33:2e:f9:57:b5,,-1.02295,-0.091309,0.061523,,,0.183105,,,,,,,-54.3054,82.6886,19.7534
23:46:49.353,eb:33:2e:f9:57:b5,,-1.01367,-0.095215,0.062988,,-0.061035,0.244141,,,,,,,-54.3109,82.6941,19.7424
23:46:49.405,eb:33:2e:f9:57:b5,,-1.01367,-0.092773,0.068848,,-0.061035,0.183105,,,,,,,-54.3219,82.6941,19.7369
23:46:49.434,eb:33:2e:f9:57:b5,,-1.01904,-0.091309,0.069336,,,0.12207,,,,,,,-54.3054,82.6941,19.7534
23:46:49.464,eb:33:2e:f9:57:b5,,-1.01514,-0.094238,0.057129,,,0.061035,,,,,,,-54.2999,82.6941,19.7644
23:46:49.533,eb:33:2e:f9:57:b5,,-1.01904,-0.09082,0.069336,,,0.183105,,,,,,,-54.3109,82.6941,19.7479
23:46:49.565,eb:33:2e:f9:57:b5,,-1.0166,-0.092285,0.066406,,,0.183105,,,,,,,-54.2999,82.6941,19.7589
23:46:49.590,eb:33:2e:f9:57:b5,,-1.01758,-0.09375,0.061523,,,0.183105,,,,,,,-54.2999,82.6941,19.7644
23:46:49.640,eb:33:2e:f9:57:b5,,-1.01416,-0.094238,0.067383,,,0.12207,,,,,,,-54.3054,82.6941,19.7589
23:46:49.673,eb:33:2e:f9:57:b5,,-1.01709,-0.091309,0.067871,,,0.244141,,,,,,,-54.2999,82.6941,19.7644
23:46:49.741,eb:33:2e:f9:57:b5,,-1.01807,-0.092773,0.062012,,,0.12207,,,,,,,-54.2889,82.6941,19.7754
23:46:49.774,eb:33:2e:f9:57:b5,,-1.01709,-0.09375,0.064453,,,0.183105,,,,,,,-54.2944,82.6941,19.7699
23:46:49.812,eb:33:2e:f9:57:b5,,-1.0166,-0.093262,0.067383,,,0.12207,,,,,,,-54.2999,82.6941,19.7699
23:46:49.863,eb:33:2e:f9:57:b5,,-1.0166,-0.092773,0.063965,,,0.12207,,,,,,,-54.2889,82.6941,19.7809
23:46:49.900,eb:33:2e:f9:57:b5,,-1.01562,-0.09375,0.063965,,-0.061035,0.12207,,,,,,,-54.2944,82.6941,19.7754
23:46:49.957,eb:33:2e:f9:57:b5,,-1.01758,-0.093262,0.066895,,,0.061035,,,,,,,-54.2944,82.6941,19.7754
23:46:50.007,eb:33:2e:f9:57:b5,,-1.0166,-0.092285,0.0625,,,0.12207,,,,,,,-54.2944,82.6941,19.7809
23:46:50.023,eb:33:2e:f9:57:b5,,-1.01807,-0.091797,0.070312,,,0.12207,,,,,,,-54.2889,82.6941,19.7864
23:46:50.057,eb:33:2e:f9:57:b5,,-1.01758,-0.092285,0.059082,,,0.244141,,,,,,,-54.278,82.6941,19.7919
23:46:50.090,eb:33:2e:f9:57:b5,,-1.01611,-0.093262,0.06543,,,0.183105,,,,,,,-54.2889,82.6941,19.7864
23:46:50.123,eb:33:2e:f9:57:b5,,-1.01611,-0.092285,0.068848,,,0.061035,,,,,,,-54.2889,82.6941,19.7864
23:46:50.156,eb:33:2e:f9:57:b5,,-1.01367,-0.09375,0.062012,,,0.183105,,,,,,,-54.278,82.6941,19.7974
23:46:50.224,eb:33:2e:f9:57:b5,,-1.01953,-0.092773,0.06543,,,0.061035,,,,,,,-54.2834,82.6941,19.7919
23:46:50.240,eb:33:2e:f9:57:b5,,-1.01611,-0.09375,0.066895,,,0.12207,,,,,,,-54.278,82.6941,19.7974
23:46:50.273,eb:33:2e:f9:57:b5,,-1.0166,-0.09375,0.063965,,,0.183105,,,,,,,-54.278,82.6941,19.8029
23:46:50.340,eb:33:2e:f9:57:b5,,-1.01611,-0.092285,0.064453,,,0.12207,,,,,,,-54.278,82.6941,19.8029
23:46:50.424,eb:33:2e:f9:57:b5,,-1.01856,-0.091797,0.06543,,,0.183105,,,,,,,-54.278,82.6941,19.8029
23:46:50.440,eb:33:2e:f9:57:b5,,-1.01465,-0.093262,0.065918,,,0.12207,,,,,,,-54.2725,82.6941,19.8084
23:46:50.455,eb:33:2e:f9:57:b5,,-1.01758,-0.092285,0.06543,,,0.183105,,,,,,,-54.267,82.6941,19.8138
23:46:50.490,eb:33:2e:f9:57:b5,,-1.01465,-0.092773,0.064941,,,0.183105,,,,,,,-54.2615,82.6941,19.8193
23:46:50.523,eb:33:2e:f9:57:b5,,-1.01904,-0.089844,0.066406,,,0.12207,,,,,,,-54.2615,82.6941,19.8193
23:46:50.607,eb:33:2e:f9:57:b5,,-1.01856,-0.093262,0.064453,,,0.12207,,,,,,,-54.256,82.6941,19.8248
23:46:50.623,eb:33:2e:f9:57:b5,,-1,-0.099121,0.064453,,,,,,,,,,-54.2505,82.6941,19.8358
23:46:50.640,eb:33:2e:f9:57:b5,,-1.02393,-0.089355,0.067383,,,0.244141,,,,,,,-54.2615,82.6941,19.8248
23:46:50.723,eb:33:2e:f9:57:b5,,-1.01269,-0.095703,0.064941,,,0.12207,,,,,,,-54.2505,82.6941,19.8358
23:46:50.741,eb:33:2e:f9:57:b5,,-1.02002,-0.092773,0.066406,,,0.061035,,,,,,,-54.245,82.6941,19.8413
23:46:50.757,eb:33:2e:f9:57:b5,,-1.01807,-0.093262,0.062012,,,0.12207,,,,,,,-54.245,82.6941,19.8413
23:46:50.823,eb:33:2e:f9:57:b5,,-1.01807,-0.091797,0.06543,,,0.061035,,,,,,,-54.2505,82.6941,19.8358
23:46:50.838,eb:33:2e:f9:57:b5,,-1.01758,-0.092285,0.069824,,,0.183105,,,,,,,-54.2505,82.6941,19.8413
23:46:50.870,eb:33:2e:f9:57:b5,,-1.01514,-0.092773,0.06543,,0.061035,0.12207,,,,,,,-54.234,82.6941,19.8578
23:46:50.938,eb:33:2e:f9:57:b5,,-1.01758,-0.091797,0.060547,,,0.12207,,,,,,,-54.234,82.6941,19.8578
23:46:50.998,eb:33:2e:f9:57:b5,,-1.01611,-0.092285,0.066406,,,0.12207,,,,,,,-54.245,82.6996,19.8468
23:46:51.014,eb:33:2e:f9:57:b5,,-1.01465,-0.092285,0.068359,,,0.183105,,,,,,,-54.2395,82.6941,19.8523
23:46:51.062,eb:33:2e:f9:57:b5,,-1.01709,-0.093262,0.061523,,,0.12207,,,,,,,-54.2285,82.6941,19.8633
23:46:51.078,eb:33:2e:f9:57:b5,,-1.01611,-0.092773,0.065918,,,0.183105,,,,,,,-54.2395,82.6996,19.8578
23:46:51.145,eb:33:2e:f9:57:b5,,-1.01611,-0.092773,0.067871,,,0.183105,,,,,,,-54.234,82.6996,19.8578
23:46:51.173,eb:33:2e:f9:57:b5,,-1.0166,-0.093262,0.062988,,,0.061035,,,,,,,-54.2285,82.6941,19.8688
23:46:51.205,eb:33:2e:f9:57:b5,,-1.01709,-0.092773,0.064453,,,0.12207,,,,,,,-54.2285,82.6996,19.8633
23:46:51.271,eb:33:2e:f9:57:b5,,-1.01758,-0.09082,0.067383,,,0.12207,,,,,,,-54.2285,82.6996,19.8633
23:46:51.302,eb:33:2e:f9:57:b5,,-1.01611,-0.093262,0.064941,,,0.183105,,,,,,,-54.223,82.6996,19.8743
23:46:51.332,eb:33:2e:f9:57:b5,,-1.01709,-0.092285,0.063477,,,0.12207,,,,,,,-54.223,82.6996,19.8743
23:46:51.380,eb:33:2e:f9:57:b5,,-1.0166,-0.092285,0.065918,,,0.183105,,,,,,,-54.223,82.6996,19.8743
23:46:51.412,eb:33:2e:f9:57:b5,,-1.0166,-0.092773,0.066406,,,0.12207,,,,,,,-54.223,82.6996,19.8798
23:46:51.444,eb:33:2e:f9:57:b5,,-1.01856,-0.093262,0.064941,,,0.12207,,,,,,,-54.2175,82.6996,19.8798
23:46:51.508,eb:33:2e:f9:57:b5,,-1.01514,-0.092773,0.06543,,,0.183105,,,,,,,-54.2175,82.6996,19.8798
23:46:51.539,eb:33:2e:f9:57:b5,,-1.01709,-0.092285,0.066895,,,0.061035,,,,,,,-54.2175,82.6996,19.8798
23:46:51.571,eb:33:2e:f9:57:b5,,-1.01611,-0.093262,0.063965,,,0.183105,,,,,,,-54.2175,82.6996,19.8853
23:46:51.618,eb:33:2e:f9:57:b5,,-1.01562,-0.092285,0.06543,,,0.12207,,,,,,,-54.2175,82.6996,19.8853
23:46:51.650,eb:33:2e:f9:57:b5,,-1.01562,-0.092773,0.06543,,,0.12207,,,,,,,-54.2175,82.6996,19.8853
23:46:51.682,eb:33:2e:f9:57:b5,,-1.01758,-0.092773,0.064941,,,0.061035,,,,,,,-54.2175,82.6996,19.8853
23:46:51.746,eb:33:2e:f9:57:b5,,-1.01514,-0.091797,0.06543,,,0.12207,,,,,,,-54.2175,82.6996,19.8853
23:46:51.778,eb:33:2e:f9:57:b5,,-1.01807,-0.091309,0.064941,,,0.061035,,,,,,,-54.212,82.6996,19.8907
23:46:51.810,eb:33:2e:f9:57:b5,,-1.01611,-0.092773,0.06543,,,0.12207,,,,,,,-54.212,82.6996,19.8907
23:46:51.873,eb:33:2e:f9:57:b5,,-1.01611,-0.092285,0.06543,,,0.12207,,,,,,,-54.2065,82.6996,19.8962
23:46:51.889,eb:33:2e:f9:57:b5,,-1.01807,-0.091797,0.064941,,,0.183105,,,,,,,-54.2065,82.6996,19.8962
23:46:51.920,eb:33:2e:f9:57:b5,,-1.01318,-0.094238,0.063965,,,0.12207,,,,,,,-54.2011,82.6996,19.9017
23:46:51.988,eb:33:2e:f9:57:b5,,-1.01953,-0.091797,0.066406,,,0.183105,,,,,,,-54.2065,82.6996,19.8962
23:46:52.048,eb:33:2e:f9:57:b5,,-1.01123,-0.093262,0.066895,,,0.061035,,,,,,,-54.2011,82.6996,19.9017
23:46:52.065,eb:33:2e:f9:57:b5,,-1.01904,-0.091797,0.063477,,,0.244141,,,,,,,-54.2011,82.6996,19.9017
23:46:52.115,eb:33:2e:f9:57:b5,,-1.0166,-0.091797,0.065918,,,0.061035,,,,,,,-54.2011,82.6996,19.9017
23:46:52.143,eb:33:2e:f9:57:b5,,-1.01465,-0.090332,0.066895,-0.061035,0.061035,0.061035,,,,,,,-54.2011,82.6996,19.9072
23:46:52.159,eb:33:2e:f9:57:b5,,-1.01807,-0.092773,0.063477,,-0.061035,0.305176,,,,,,,-54.1956,82.6996,19.9127
23:46:52.227,eb:33:2e:f9:57:b5,,-1.01953,-0.09082,0.064941,,,0.12207,,,,,,,-54.1956,82.6996,19.9127
23:46:52.255,eb:33:2e:f9:57:b5,,-1.01025,-0.094727,0.067871,,,0.12207,,,,,,,-54.1901,82.6996,19.9182
23:46:52.287,eb:33:2e:f9:57:b5,,-1.01758,-0.092285,0.063965,,,0.061035,,,,,,,-54.1901,82.6996,19.9237
23:46:52.369,eb:33:2e:f9:57:b5,,-1.01416,-0.093262,0.06543,,,0.183105,,,,,,,-54.1901,82.6996,19.9182
23:46:52.382,eb:33:2e:f9:57:b5,,-1.01709,-0.092773,0.066895,,,0.061035,,,,,,,-54.1901,82.6996,19.9237
23:46:52.414,eb:33:2e:f9:57:b5,,-1.01904,-0.092285,0.063965,,,0.061035,,,,,,,-54.1846,82.6996,19.9237
23:46:52.498,eb:33:2e:f9:57:b5,,-1.01465,-0.094238,0.063965,,-0.061035,0.12207,,,,,,,-54.1846,82.6996,19.9292
23:46:52.518,eb:33:2e:f9:57:b5,,-1.01758,-0.091797,0.067383,,,0.183105,,,,,,,-54.1846,82.6996,19.9237
23:46:52.559,eb:33:2e:f9:57:b5,,-1.01416,-0.093262,0.062012,,,0.12207,,,,,,,-54.1791,82.6996,19.9292
23:46:52.621,eb:33:2e:f9:57:b5,,-1.01416,-0.091309,0.06543,,,0.244141,,,,,,,-54.1901,82.6996,19.9237
23:46:52.637,eb:33:2e:f9:57:b5,,-1.01953,-0.09082,0.070312,,,0.12207,,,,,,,-54.1846,82.6996,19.9292
23:46:52.669,eb:33:2e:f9:57:b5,,-1.01562,-0.094238,0.060059,,,0.12207,,,,,,,-54.1736,82.6996,19.9402
23:46:52.701,eb:33:2e:f9:57:b5,,-1.0166,-0.091797,0.06543,,,0.12207,,,,,,,-54.1791,82.6996,19.9347
23:46:52.732,eb:33:2e:f9:57:b5,,-1.01611,-0.091797,0.067871,,,0.12207,,,,,,,-54.1791,82.6996,19.9347
23:46:52.796,eb:33:2e:f9:57:b5,,-1.01856,-0.092285,0.064453,,0.061035,0.061035,,,,,,,-54.1736,82.6996,19.9402
23:46:52.829,eb:33:2e:f9:57:b5,,-1.01709,-0.092773,0.063477,,,0.183105,,,,,,,-54.1736,82.6996,19.9402
23:46:52.860,eb:33:2e:f9:57:b5,,-1.0166,-0.092285,0.064941,,,0.12207,,,,,,,-54.1736,82.6996,19.9402
23:46:52.908,eb:33:2e:f9:57:b5,,-1.01953,-0.091797,0.067383,,,0.183105,,,,,,,-54.1736,82.6996,19.9402
23:46:52.940,eb:33:2e:f9:57:b5,,-1.0166,-0.093262,0.064453,,,0.12207,,,,,,,-54.1681,82.6996,19.9457
23:46:52.972,eb:33:2e:f9:57:b5,,-1.0166,-0.091797,0.064453,,,0.12207,,,,,,,-54.1681,82.6996,19.9512
23:46:53.040,eb:33:2e:f9:57:b5,,-1.01856,-0.091797,0.068359,,,0.12207,,,,,,,-54.1626,82.6996,19.9512
23:46:53.068,eb:33:2e:f9:57:b5,,-1.01367,-0.09375,0.061035,,-0.061035,0.12207,,,,,,,-54.1626,82.6996,19.9567
23:46:53.102,eb:33:2e:f9:57:b5,,-1.01611,-0.09082,0.070312,,,0.12207,,,,,,,-54.1681,82.7051,19.9512
23:46:53.165,eb:33:2e:f9:57:b5,,-1.01758,-0.091309,0.065918,,,0.12207,,,,,,,-54.1516,82.6996,19.9677
23:46:53.179,eb:33:2e:f9:57:b5,,-1.01465,-0.09375,0.058594,,,0.12207,,,,,,,-54.1516,82.6996,19.9677
23:46:53.211,eb:33:2e:f9:57:b5,,-1.01807,-0.09082,0.068359,,,0.12207,,,,,,,-54.1626,82.7051,19.9567
23:46:53.275,eb:33:2e:f9:57:b5,,-1.01562,-0.092285,0.068359,,,0.183105,,,,,,,-54.1571,82.7051,19.9622
23:46:53.308,eb:33:2e:f9:57:b5,,-1.01807,-0.091797,0.065918,,,0.183105,,,,,,,-54.1461,82.7051,19.9731
23:46:53.340,eb:33:2e:f9:57:b5,,-1.01807,-0.093262,0.061035,,,0.12207,,,,,,,-54.1461,82.7051,19.9731
23:46:53.403,eb:33:2e:f9:57:b5,,-1.01709,-0.092773,0.065918,,,0.12207,,,,,,,-54.1516,82.7051,19.9677
23:46:53.419,eb:33:2e:f9:57:b5,,-1.01807,-0.091797,0.066895,,0.061035,0.061035,,,,,,,-54.1461,82.7051,19.9731
23:46:53.460,eb:33:2e:f9:57:b5,,-1.0166,-0.093262,0.0625,,,0.183105,,,,,,,-54.1406,82.7051,19.9786
23:46:53.515,eb:33:2e:f9:57:b5,,-1.01758,-0.092285,0.06543,,,0.12207,,,,,,,-54.1461,82.7051,19.9731
23:46:53.547,eb:33:2e:f9:57:b5,,-1.0166,-0.092773,0.066406,,,0.12207,,,,,,,-54.1516,82.7051,19.9731
23:46:53.579,eb:33:2e:f9:57:b5,,-1.01807,-0.092773,0.064941,,,0.12207,,,,,,,-54.1461,82.7051,19.9786
23:46:53.643,eb:33:2e:f9:57:b5,,-1.0166,-0.092773,0.063477,,,0.183105,,,,,,,-54.1461,82.7051,19.9786
23:46:53.659,eb:33:2e:f9:57:b5,,-1.01562,-0.093262,0.064941,,,0.12207,,,,,,,-54.1461,82.7051,19.9731
23:46:53.698,eb:33:2e:f9:57:b5,,-1.01514,-0.092285,0.066406,,,0.12207,,,,,,,-54.1461,82.7051,19.9786
23:46:53.755,eb:33:2e:f9:57:b5,,-1.01758,-0.092773,0.064941,,,0.12207,,,,,,,-54.1406,82.7051,19.9786
23:46:53.786,eb:33:2e:f9:57:b5,,-1.01709,-0.093262,0.064453,,,0.061035,,,,,,,-54.1461,82.7051,19.9786
23:46:53.818,eb:33:2e:f9:57:b5,,-1.01514,-0.092773,0.064941,,,0.12207,,,,,,,-54.1461,82.7051,19.9786
23:46:53.882,eb:33:2e:f9:57:b5,,-1.01611,-0.092285,0.066895,,,0.12207,,,,,,,-54.1461,82.7051,19.9786
23:46:53.905,eb:33:2e:f9:57:b5,,-1.0166,-0.092773,0.063965,,,0.12207,,,,,,,-54.1406,82.7051,19.9841
23:46:53.961,eb:33:2e:f9:57:b5,,-1.01904,-0.092773,0.06543,,,0.12207,,,,,,,-54.1461,82.7051,19.9786
23:46:54.010,eb:33:2e:f9:57:b5,,-1.01514,-0.094238,0.06543,,,0.183105,,,,,,,-54.1461,82.7051,19.9786
23:46:54.024,eb:33:2e:f9:57:b5,,-1.01514,-0.092773,0.064941,,,0.12207,,,,,,,-54.1461,82.7051,19.9786
23:46:54.088,eb:33:2e:f9:57:b5,,-1.01758,-0.092285,0.06543,,,0.12207,,,,,,,-54.1461,82.7051,19.9786
23:46:54.120,eb:33:2e:f9:57:b5,,-1.01856,-0.092773,0.064941,,,0.12207,,,,,,,-54.1461,82.7051,19.9786
23:46:54.152,eb:33:2e:f9:57:b5,,-1.01367,-0.09375,0.06543,,,0.061035,,,,,,,-54.1406,82.7051,19.9841
23:46:54.199,eb:33:2e:f9:57:b5,,-1.01904,-0.092285,0.063965,,,0.061035,,,,,,,-54.1406,82.7051,19.9841
23:46:54.262,eb:33:2e:f9:57:b5,,-1.01611,-0.092773,0.065918,,,0.12207,,,,,,,-54.1461,82.7051,19.9786
23:46:54.294,eb:33:2e:f9:57:b5,,-1.01807,-0.09375,0.06543,,,0.12207,,,,,,,-54.1461,82.7051,19.9841
23:46:54.325,eb:33:2e:f9:57:b5,,-1.01562,-0.09375,0.063477,,,0.12207,,,,,,,-54.1461,82.7051,19.9786
23:46:54.389,eb:33:2e:f9:57:b5,,-1.01611,-0.093262,0.065918,,-0.061035,0.305176,,,,,,,-54.1516,82.7051,19.9786
23:46:54.405,eb:33:2e:f9:57:b5,,-1.02344,-0.093262,0.066895,,0.061035,0.244141,,,,,,,-54.1461,82.7051,19.9786
23:46:54.500,eb:33:2e:f9:57:b5,,-1.01562,-0.095703,0.0625,,,0.366211,,,,,,,-54.1461,82.7051,19.9841
23:46:54.532,eb:33:2e:f9:57:b5,,-1.01758,-0.094238,0.064453,,,0.183105,,,,,,,-54.1516,82.7051,19.9786
23:46:54.548,eb:33:2e:f9:57:b5,,-1.01856,-0.091309,0.066406,,,0.183105,,,,,,,-54.1516,82.7051,19.9731
23:46:54.579,eb:33:2e:f9:57:b5,,-1.01416,-0.094238,0.065918,,,0.12207,,,,,,,-54.1461,82.7051,19.9786
23:46:54.611,eb:33:2e:f9:57:b5,,-1.01807,-0.091797,0.06543,,,0.12207,,,,,,,-54.1461,82.7051,19.9841
23:46:54.642,eb:33:2e:f9:57:b5,,-1.0166,-0.091797,0.064453,,0.061035,,,,,,,,-54.1461,82.7051,19.9841
23:46:54.690,eb:33:2e:f9:57:b5,,-1.01367,-0.092285,0.063477,,,0.244141,,,,,,,-54.1461,82.7051,19.9841
23:46:54.721,eb:33:2e:f9:57:b5,,-1.021,-0.089844,0.069824,,0.061035,0.061035,,,,,,,-54.1461,82.7051,19.9841
23:46:54.769,eb:33:2e:f9:57:b5,,-1.01172,-0.092773,0.062988,,,0.183105,,,,,,,-54.1351,82.7051,19.9951
23:46:54.833,eb:33:2e:f9:57:b5,,-1.02051,-0.090332,0.062012,,,0.061035,,,,,,,-54.1406,82.7051,19.9896
23:46:54.870,eb:33:2e:f9:57:b5,,-1.01758,-0.092285,0.066895,,,0.12207,,,,,,,-54.1461,82.7051,19.9841
23:46:54.896,eb:33:2e:f9:57:b5,,-1.01416,-0.092773,0.066895,,,0.061035,,,,,,,-54.1406,82.7051,19.9896
23:46:54.927,eb:33:2e:f9:57:b5,,-1.01904,-0.09375,0.062012,,,0.305176,,,,,,,-54.1351,82.7051,19.9951
23:46:54.959,eb:33:2e:f9:57:b5,,-1.01269,-0.094238,0.066406,,,,,,,,,,-54.1406,82.7051,19.9896
23:46:54.992,eb:33:2e:f9:57:b5,,-1.01856,-0.091797,0.06543,,,0.12207,,,,,,,-54.1406,82.7051,19.9896
23:46:55.039,eb:33:2e:f9:57:b5,,-1.01856,-0.092773,0.064453,,,0.061035,,,,,,,-54.1406,82.7051,19.9896
23:46:55.071,eb:33:2e:f9:57:b5,,-1.0166,-0.093262,0.065918,,,0.183105,,,,,,,-54.1406,82.7051,19.9896
23:46:55.103,eb:33:2e:f9:57:b5,,-1.01611,-0.092285,0.06543,,,0.12207,,,,,,,-54.1406,82.7051,19.9951
23:46:55.167,eb:33:2e:f9:57:b5,,-1.01807,-0.092285,0.066406,,0.061035,0.12207,,,,,,,-54.1406,82.7051,19.9951
23:46:55.199,eb:33:2e:f9:57:b5,,-1.01611,-0.093262,0.063477,,,0.061035,,,,,,,-54.1351,82.7051,19.9951
23:46:55.231,eb:33:2e:f9:57:b5,,-1.01709,-0.092285,0.06543,,,0.12207,,,,,,,-54.1406,82.7051,19.9951
23:46:55.279,eb:33:2e:f9:57:b5,,-1.0166,-0.092773,0.066895,,,0.12207,,,,,,,-54.1351,82.7051,19.9951
23:46:55.342,eb:33:2e:f9:57:b5,,-1.01758,-0.09375,0.063477,,,0.12207,,,,,,,-54.1351,82.7051,20.0006
23:46:55.374,eb:33:2e:f9:57:b5,,-1.01416,-0.093262,0.064941,,,0.183105,,,,,,,-54.1406,82.7051,19.9951
23:46:55.406,eb:33:2e:f9:57:b5,,-1.01709,-0.091797,0.067871,,0.061035,0.061035,,,,,,,-54.1406,82.7051,19.9951
23:46:55.438,eb:33:2e:f9:57:b5,,-1.0166,-0.094238,0.063477,,,0.183105,,,,,,,-54.1351,82.7051,20.0006
23:46:55.502,eb:33:2e:f9:57:b5,,-1.01465,-0.093262,0.066406,,,0.12207,,,,,,,-54.1351,82.7051,20.0006
23:46:55.518,eb:33:2e:f9:57:b5,,-1.01758,-0.091309,0.066895,,,0.12207,,,,,,,-54.1351,82.7051,20.0006
23:46:55.550,eb:33:2e:f9:57:b5,,-1.01856,-0.092773,0.063965,,,0.12207,,,,,,,-54.1296,82.7051,20.0061
23:46:55.614,eb:33:2e:f9:57:b5,,-1.01367,-0.093262,0.06543,,,0.183105,,,,,,,-54.1296,82.7051,20.0061
23:46:55.649,eb:33:2e:f9:57:b5,,-1.01758,-0.092285,0.064453,,,0.12207,,,,,,,-54.1351,82.7051,20.0006
23:46:55.678,eb:33:2e:f9:57:b5,,-1.01562,-0.092773,0.067383,,,0.12207,,,,,,,-54.1351,82.7051,20.0006
23:46:55.741,eb:33:2e:f9:57:b5,,-1.01856,-0.092773,0.063965,,,0.183105,,,,,,,-54.1296,82.7051,20.0061
23:46:55.757,eb:33:2e:f9:57:b5,,-1.01514,-0.094727,0.063965,,,0.12207,,,,,,,-54.1296,82.7051,20.0061
23:46:55.790,eb:33:2e:f9:57:b5,,-1.01562,-0.094238,0.066895,,,0.244141,,,,,,,-54.1351,82.7051,20.0006
23:46:55.856,eb:33:2e:f9:57:b5,,-1.01562,-0.092773,0.06543,,,0.061035,,,,,,,-54.1296,82.7051,20.0061
23:46:55.885,eb:33:2e:f9:57:b5,,-1.01856,-0.093262,0.061523,,,0.244141,,,,,,,-54.1296,82.7051,20.0061
23:46:55.917,eb:33:2e:f9:57:b5,,-1.01709,-0.091797,0.069336,,,0.061035,,,,,,,-54.1351,82.7051,20.0061
23:46:55.980,eb:33:2e:f9:57:b5,,-1.01465,-0.09375,0.064941,,,0.183105,,,,,,,-54.1241,82.7051,20.0116
23:46:56.028,eb:33:2e:f9:57:b5,,-1.01904,-0.091309,0.063965,,,0.12207,,,,,,,-54.1296,82.7051,20.0116
23:46:56.044,eb:33:2e:f9:57:b5,,-1.02197,-0.092773,0.066895,,-0.061035,0.244141,,,,,,,-54.1296,82.7051,20.0061
23:46:56.095,eb:33:2e:f9:57:b5,,-1.0083,-0.097656,0.065918,,,0.061035,,,,,,,-54.1241,82.7051,20.0171
23:46:56.159,eb:33:2e:f9:57:b5,,-1.01221,-0.09375,0.0625,,-0.061035,0.12207,,,,,,,-54.1241,82.7051,20.0116
23:46:56.188,eb:33:2e:f9:57:b5,,-1.02051,-0.089355,0.069824,,,0.12207,,,,,,,-54.1296,82.7051,20.0116
23:46:56.219,eb:33:2e:f9:57:b5,,-1.01758,-0.092773,0.062988,,,0.183105,,,,,,,-54.1187,82.7051,20.0171
23:46:56.281,eb:33:2e:f9:57:b5,,-1.01514,-0.09375,0.062988,,,0.061035,,,,,,,-54.1241,82.7051,20.0171
23:46:56.313,eb:33:2e:f9:57:b5,,-1.01856,-0.09082,0.070801,,,0.183105,,,,,,,-54.1296,82.7051,20.0116
23:46:56.362,eb:33:2e:f9:57:b5,,-1.01367,-0.09375,0.060059,,0.061035,0.061035,,,,,,,-54.1132,82.7051,20.0226
23:46:56.425,eb:33:2e:f9:57:b5,,-1.02148,-0.089844,0.066406,,,0.183105,,,,,,,-54.1241,82.7051,20.0116
23:46:56.437,eb:33:2e:f9:57:b5,,-1.01611,-0.092285,0.066406,,,0.12207,,,,,,,-54.1241,82.7051,20.0171
23:46:56.474,eb:33:2e:f9:57:b5,,-1.01709,-0.092285,0.062988,,0.061035,0.12207,,,,,,,-54.1187,82.7051,20.0226
23:46:56.505,eb:33:2e:f9:57:b5,,-1.02783,-0.092285,0.068848,,,0.244141,,,,,,,-54.1241,82.7051,20.0171
23:46:56.544,eb:33:2e:f9:57:b5,,-1.01318,-0.097168,0.060547,,,0.183105,,,,,,,-54.1132,82.7051,20.0281
23:46:56.576,eb:33:2e:f9:57:b5,,-1.0166,-0.09375,0.062988,,0.061035,0.12207,,,,,,,-54.1187,82.7051,20.0226
23:46:56.611,eb:33:2e:f9:57:b5,,-1.01953,-0.092285,0.064941,,,0.183105,,,,,,,-54.1241,82.7106,20.0116
23:46:56.647,eb:33:2e:f9:57:b5,,-1.01709,-0.091797,0.067871,,,0.183105,,,,,,,-54.1241,82.7051,20.0171
23:46:56.692,eb:33:2e:f9:57:b5,,-1.01562,-0.092285,0.067383,,,0.12207,,,,,,,-54.1187,82.7051,20.0226
23:46:56.758,eb:33:2e:f9:57:b5,,-1.0166,-0.092773,0.064941,,,0.183105,,,,,,,-54.1132,82.7051,20.0281
23:46:56.793,eb:33:2e:f9:57:b5,,-1.01709,-0.092285,0.06543,,,0.061035,,,,,,,-54.1132,82.7051,20.0281
23:46:56.822,eb:33:2e:f9:57:b5,,-1.01758,-0.091797,0.064453,,,0.183105,,,,,,,-54.1132,82.7051,20.0281
23:46:56.853,eb:33:2e:f9:57:b5,,-1.01465,-0.09375,0.064453,,,0.12207,,,,,,,-54.1132,82.7051,20.0281
23:46:56.901,eb:33:2e:f9:57:b5,,-1.01709,-0.091309,0.067383,,,0.183105,,,,,,,-54.1132,82.7051,20.0281
23:46:56.932,eb:33:2e:f9:57:b5,,-1.0166,-0.092773,0.063965,,,0.183105,,,,,,,-54.1077,82.7051,20.0336
23:46:56.964,eb:33:2e:f9:57:b5,,-1.0166,-0.091797,0.062012,,,0.061035,,,,,,,-54.1132,82.7051,20.0281
23:46:57.027,eb:33:2e:f9:57:b5,,-1.01709,-0.091309,0.067871,,,0.183105,,,,,,,-54.1187,82.7051,20.0226
23:46:57.059,eb:33:2e:f9:57:b5,,-1.01611,-0.093262,0.062012,,,0.061035,,,,,,,-54.1132,82.7051,20.0281
23:46:57.107,eb:33:2e:f9:57:b5,,-1.01758,-0.091309,0.064941,,,0.12207,,,,,,,-54.1187,82.7106,20.0226
23:46:57.175,eb:33:2e:f9:57:b5,,-1.01611,-0.091797,0.069336,,,0.061035,,,,,,,-54.1187,82.7106,20.0226
23:46:57.201,eb:33:2e:f9:57:b5,,-1.01611,-0.092773,0.0625,,,0.183105,,,,,,,-54.1132,82.7051,20.0336
23:46:57.248,eb:33:2e:f9:57:b5,,-1.01514,-0.092773,0.062988,,,0.12207,,,,,,,-54.1132,82.7106,20.0336
23:46:57.280,eb:33:2e:f9:57:b5,,-1.01514,-0.092285,0.065918,,,0.183105,,,,,,,-54.1241,82.7106,20.0226
23:46:57.314,eb:33:2e:f9:57:b5,,-1.01709,-0.09082,0.072266,-0.061035,,0.12207,,,,,,,-54.1187,82.7106,20.0281
23:46:57.345,eb:33:2e:f9:57:b5,,-1.01709,-0.092773,0.061523,,,0.12207,,,,,,,-54.1022,82.7106,20.0446
23:46:57.392,eb:33:2e:f9:57:b5,,-1.01465,-0.09375,0.060547,,,0.12207,,,,,,,-54.1077,82.7106,20.0336
23:46:57.424,eb:33:2e:f9:57:b5,,-1.01856,-0.090332,0.071777,,,0.061035,,,,,,,-54.1187,82.7106,20.0281
23:46:57.455,eb:33:2e:f9:57:b5,,-1.01709,-0.092773,0.064941,,,0.12207,,,,,,,-54.1022,82.7106,20.0391
23:46:57.503,eb:33:2e:f9:57:b5,,-1.01367,-0.094238,0.060059,,,0.12207,,,,,,,-54.1077,82.7106,20.0391
23:46:57.535,eb:33:2e:f9:57:b5,,-1.01562,-0.092285,0.067871,,0.061035,0.12207,,,,,,,-54.1132,82.7106,20.0281
23:46:57.582,eb:33:2e:f9:57:b5,,-1.01709,-0.091309,0.067383,,,0.183105,,,,,,,-54.1132,82.7106,20.0336
23:46:57.630,eb:33:2e:f9:57:b5,,-1.01514,-0.092773,0.0625,,,0.061035,,,,,,,-54.1022,82.7106,20.0391
23:46:57.662,eb:33:2e:f9:57:b5,,-1.01758,-0.091309,0.064941,,,0.12207,,,,,,,-54.1077,82.7106,20.0391
23:46:57.693,eb:33:2e:f9:57:b5,,-1.01514,-0.092773,0.067383,,,0.12207,,,,,,,-54.1077,82.7106,20.0391
23:46:57.741,eb:33:2e:f9:57:b5,,-1.01758,-0.092285,0.063477,,,0.183105,,,,,,,-54.1022,82.7106,20.0391
23:46:57.789,eb:33:2e:f9:57:b5,,-1.0166,-0.09375,0.064453,,,0.183105,,,,,,,-54.1077,82.7106,20.0391
23:46:57.821,eb:33:2e:f9:57:b5,,-1.0166,-0.091797,0.067383,,,0.061035,,,,,,,-54.1077,82.7106,20.0391
23:46:57.869,eb:33:2e:f9:57:b5,,-1.0166,-0.092773,0.063965,,,0.12207,,,,,,,-54.1022,82.7106,20.0446
23:46:57.909,eb:33:2e:f9:57:b5,,-1.01709,-0.093262,0.064453,,,0.12207,,,,,,,-54.1077,82.7106,20.0391
23:46:57.933,eb:33:2e:f9:57:b5,,-1.0166,-0.092773,0.065918,,,0.12207,,,,,,,-54.1077,82.7106,20.0391
23:46:58.044,eb:33:2e:f9:57:b5,,-1.01074,-0.092285,0.063965,,,0.12207,,,,,,,-54.1077,82.7106,20.0391
23:46:58.066,eb:33:2e:f9:57:b5,,-1.0166,-0.091309,0.06543,,,0.12207,,,,,,,-54.1077,82.7106,20.0391
23:46:58.092,eb:33:2e:f9:57:b5,,-1.01465,-0.092773,0.065918,,,0.183105,,,,,,,-54.1077,82.7106,20.0391
23:46:58.124,eb:33:2e:f9:57:b5,,-1.01562,-0.093262,0.064453,,,0.061035,,,,,,,-54.1132,82.7106,20.0391
23:46:58.169,eb:33:2e:f9:57:b5,,-1.01758,-0.091797,0.065918,,,0.12207,,,,,,,-54.1132,82.7106,20.0336
23:46:58.188,eb:33:2e:f9:57:b5,,-1.01514,-0.092773,0.063965,,,0.12207,,,,,,,-54.1132,82.7106,20.0336
23:46:58.220,eb:33:2e:f9:57:b5,,-1.01709,-0.092285,0.065918,,,0.183105,,,,,,,-54.1132,82.7106,20.0336
23:46:58.292,eb:33:2e:f9:57:b5,,-1.01562,-0.092285,0.067383,,,0.183105,,,,,,,-54.1132,82.7106,20.0336
23:46:58.315,eb:33:2e:f9:57:b5,,-1.01807,-0.092285,0.062988,,,0.12207,,,,,,,-54.1077,82.7106,20.0391
23:46:58.348,eb:33:2e:f9:57:b5,,-1.01709,-0.091797,0.0625,,,0.12207,,,,,,,-54.1132,82.7106,20.0336
23:46:58.380,eb:33:2e:f9:57:b5,,-1.01709,-0.091797,0.067871,,,0.12207,,,,,,,-54.1187,82.7106,20.0281
23:46:58.427,eb:33:2e:f9:57:b5,,-1.01514,-0.093262,0.065918,,,0.12207,,,,,,,-54.1132,82.7106,20.0336
23:46:58.475,eb:33:2e:f9:57:b5,,-1.01709,-0.092285,0.062988,,,0.183105,,,,,,,-54.1132,82.7106,20.0391
23:46:58.507,eb:33:2e:f9:57:b5,,-1.01709,-0.093262,0.064453,,,0.12207,,,,,,,-54.1132,82.7106,20.0336
23:46:58.556,eb:33:2e:f9:57:b5,,-1.01562,-0.092285,0.067871,,,0.12207,,,,,,,-54.1132,82.7106,20.0336
23:46:58.591,eb:33:2e:f9:57:b5,,-1.01562,-0.093262,0.063965,,,0.183105,,,,,,,-54.1132,82.7106,20.0391
23:46:58.650,eb:33:2e:f9:57:b5,,-1.0166,-0.092285,0.06543,,,0.12207,,,,,,,-54.1132,82.7106,20.0336
23:46:58.681,eb:33:2e:f9:57:b5,,-1.01709,-0.092285,0.066406,,,0.12207,,,,,,,-54.1132,82.7106,20.0391
23:46:58.723,eb:33:2e:f9:57:b5,,-1.01904,-0.092285,0.0625,,,0.061035,,,,,,,-54.1077,82.7106,20.0391
23:46:58.744,eb:33:2e:f9:57:b5,,-1.01465,-0.092773,0.066895,,0.061035,0.12207,,,,,,,-54.1132,82.7106,20.0336
23:46:58.792,eb:33:2e:f9:57:b5,,-1.0166,-0.092285,0.066406,,,0.12207,,,,,,,-54.1132,82.7106,20.0391
23:46:58.837,eb:33:2e:f9:57:b5,,-1.01562,-0.093262,0.063965,,,0.183105,,,,,,,-54.1077,82.7106,20.0391
23:46:58.872,eb:33:2e:f9:57:b5,,-1.01416,-0.092773,0.064941,,,0.12207,,,,,,,-54.1132,82.7106,20.0336
23:46:58.920,eb:33:2e:f9:57:b5,,-1.01709,-0.092285,0.066895,,,0.183105,,,,,,,-54.1132,82.7106,20.0336
23:46:58.951,eb:33:2e:f9:57:b5,,-1.01758,-0.091797,0.064941,,,0.183105,,,,,,,-54.1132,82.7106,20.0336
23:46:58.995,eb:33:2e:f9:57:b5,,-1.0166,-0.092285,0.063965,,,0.12207,,,,,,,-54.1132,82.7106,20.0336
23:46:59.065,eb:33:2e:f9:57:b5,,-1.01562,-0.092773,0.065918,,,0.183105,,,,,,,-54.1132,82.7106,20.0336
23:46:59.099,eb:33:2e:f9:57:b5,,-1.01514,-0.093262,0.064453,,,0.183105,,,,,,,-54.1132,82.7106,20.0336
23:46:59.126,eb:33:2e:f9:57:b5,,-1.0166,-0.091797,0.064941,,,0.183105,,,,,,,-54.1132,82.7106,20.0336
23:46:59.174,eb:33:2e:f9:57:b5,,-1.0166,-0.091797,0.065918,,,0.183105,,,,,,,-54.1132,82.7106,20.0336
23:46:59.190,eb:33:2e:f9:57:b5,,-1.01709,-0.092773,0.063965,,0.061035,0.061035,,,,,,,-54.1132,82.7106,20.0336
23:46:59.222,eb:33:2e:f9:57:b5,,-1.01514,-0.092773,0.067383,,,0.12207,,,,,,,-54.1187,82.7106,20.0336
23:46:59.270,eb:33:2e:f9:57:b5,,-1.01856,-0.091797,0.063965,,,0.183105,,,,,,,-54.1132,82.7106,20.0391
23:46:59.317,eb:33:2e:f9:57:b5,,-1.01709,-0.092773,0.063477,,0.061035,0.12207,,,,,,,-54.1132,82.7106,20.0391
23:46:59.365,eb:33:2e:f9:57:b5,,-1.02051,-0.091797,0.066895,,,0.12207,,,,,,,-54.1132,82.7106,20.0336
23:46:59.413,eb:33:2e:f9:57:b5,,-1.01611,-0.093262,0.064941,,,0.12207,,,,,,,-54.1132,82.7106,20.0391
23:46:59.458,eb:33:2e:f9:57:b5,,-1.01416,-0.09375,0.0625,,,0.12207,,,,,,,-54.1132,82.7106,20.0391
23:46:59.493,eb:33:2e:f9:57:b5,,-1.01709,-0.091309,0.068848,,,0.12207,,,,,,,-54.1132,82.7106,20.0336
23:46:59.540,eb:33:2e:f9:57:b5,,-1.01611,-0.09082,0.065918,,,0.061035,,,,,,,-54.1077,82.7106,20.0446
23:46:59.556,eb:33:2e:f9:57:b5,,-1.02002,-0.092773,0.060059,,,0.183105,,,,,,,-54.1077,82.7106,20.0446
23:46:59.604,eb:33:2e:f9:57:b5,,-1.01318,-0.092773,0.068848,,,0.183105,,,,,,,-54.1132,82.7106,20.0336
23:46:59.638,eb:33:2e:f9:57:b5,,-1.01807,-0.092285,0.067383,,,0.12207,,,,,,,-54.1077,82.7106,20.0446
23:46:59.700,eb:33:2e:f9:57:b5,,-1.01269,-0.095215,0.060059,,,0.183105,,,,,,,-54.1022,82.7106,20.05
23:46:59.716,eb:33:2e:f9:57:b5,,-1.01562,-0.092285,0.067871,,,0.12207,,,,,,,-54.1132,82.7106,20.0391
23:46:59.748,eb:33:2e:f9:57:b5,,-1.01953,-0.091309,0.067383,,0.061035,0.12207,,,,,,,-54.1077,82.7106,20.0391
23:46:59.780,eb:33:2e:f9:57:b5,,-1.01758,-0.092285,0.064453,,0.061035,,,,,,,,-54.1022,82.7106,20.0446
23:46:59.843,eb:33:2e:f9:57:b5,,-1.02686,-0.092285,0.065918,-0.061035,0.366211,-0.366211,,,,,,,-54.1022,82.7106,20.05
23:46:59.875,eb:33:2e:f9:57:b5,,-1.0083,-0.097168,0.060547,,0.12207,-0.061035,,,,,,,-54.1022,82.7106,20.05
23:46:59.938,eb:33:2e:f9:57:b5,,-1.0166,-0.095703,0.065918,,0.061035,0.061035,,,,,,,-54.1132,82.7106,20.0336
23:46:59.970,eb:33:2e:f9:57:b5,,-1.0166,-0.094727,0.064453,,,0.12207,,,,,,,-54.1187,82.7106,20.0281
23:47:00.049,eb:33:2e:f9:57:b5,,-1.01611,-0.093262,0.063477,,,0.183105,,,,,,,-54.1241,82.7106,20.0281
23:47:00.115,eb:33:2e:f9:57:b5,,-1.01709,-0.093262,0.064941,,0.061035,0.12207,,,,,,,-54.1296,82.7106,20.0226
23:47:00.158,eb:33:2e:f9:57:b5,,-1.0166,-0.092773,0.066406,,0.061035,0.244141,,,,,,,-54.1296,82.7106,20.0226
23:47:00.179,eb:33:2e:f9:57:b5,,-1.021,-0.093262,0.064453,,,0.183105,,,,,,,-54.1296,82.7106,20.0226
23:47:00.248,eb:33:2e:f9:57:b5,,-1.01318,-0.095215,0.0625,,,0.183105,,,,,,,-54.1351,82.7106,20.0171
23:47:00.354,eb:33:2e:f9:57:b5,,-1.0166,-0.093262,0.065918,,,0.12207,,,,,,,-54.1406,82.7106,20.0116
23:47:00.402,eb:33:2e:f9:57:b5,,-1.11816,0.518555,-0.461914,95.5811,9.64355,-6.10352,,,,,,,-54.1681,82.7161,18.3362
23:47:00.432,eb:33:2e:f9:57:b5,,-1.00537,-0.185547,0.089844,51.3306,5.12695,-3.41797,,,,,,,-54.5197,82.7216,14.6228
23:47:00.470,eb:33:2e:f9:57:b5,,-0.997559,-0.14209,0.294434,-11.4746,-1.15967,1.09863,,,,,,,-54.613,82.7216,13.5187
23:47:00.486,eb:33:2e:f9:57:b5,,-1.01123,-0.100098,0.109375,20.752,2.13623,-1.34277,,,,,,,-54.6185,82.7216,13.3978
23:47:00.519,eb:33:2e:f9:57:b5,,-1.01856,-0.091797,0.060059,0.061035,,0.061035,,,,,,,-54.7394,82.7161,12.5629
23:47:00.534,eb:33:2e:f9:57:b5,,-1.01514,-0.093262,0.063965,,,0.061035,,,,,,,-54.7394,82.7161,12.5574
23:47:00.566,eb:33:2e:f9:57:b5,,-1.01709,-0.093262,0.063477,,,0.061035,,,,,,,-54.7449,82.7161,12.5574
23:47:00.583,eb:33:2e:f9:57:b5,,-1.0166,-0.09375,0.0625,,,0.12207,,,,,,,-54.7449,82.7106,12.5519
23:47:00.614,eb:33:2e:f9:57:b5,,-1.01709,-0.093262,0.062988,,,0.061035,,,,,,,-54.7504,82.7106,12.5464
23:47:00.630,eb:33:2e:f9:57:b5,,-1.01074,-0.148926,0.050293,132.629,13.6108,-9.09424,,,,,,,-54.9536,82.7106,10.4755
23:47:00.646,eb:33:2e:f9:57:b5,,-1.0293,0.015625,0.049805,121.277,11.6577,-12.6343,,,,,,,-55.2228,82.6337,5.38879
23:47:00.684,eb:33:2e:f9:57:b5,,-1.13086,-0.09668,-0.016602,119.751,-2.80762,22.0337,,,,,,,-52.5366,82.5732,3.17505
23:47:00.710,eb:33:2e:f9:57:b5,,-1.27783,0.012207,-0.005859,65.0024,21.3013,48.0347,,,,,,,-48.7189,84.6661,1.92261
23:47:00.742,eb:33:2e:f9:57:b5,,-1.17188,0.004395,-0.061035,-53.772,-53.4668,49.4385,,,,,,,-20.2258,84.6936,29.7894
23:47:00.806,eb:33:2e:f9:57:b5,,-1.16357,0.074219,-0.135254,-20.3857,-44.1895,54.9927,,,,,,,4.5813,83.2379,56.283
23:47:00.837,eb:33:2e:f9:57:b5,,-1.0376,0.13623,-0.08252,1.40381,-5.31006,49.7437,,,,,,,20.1489,81.8427,72.2681
23:47:00.871,eb:33:2e:f9:57:b5,,-1.11084,0.18457,-0.040039,1.0376,-23.4375,59.9976,,,,,,,33.5028,80.6232,85.4791
23:47:00.918,eb:33:2e:f9:57:b5,,-0.878906,0.104492,0.059082,65.3076,27.771,68.1763,,,,,,,47.796,78.9368,98.399
23:47:00.950,eb:33:2e:f9:57:b5,,-0.894531,0.102539,0.200684,48.645,1.46484,63.5986,,,,,,,62.3969,77.1844,110.605
23:47:01.014,eb:33:2e:f9:57:b5,,-0.84082,0.15625,0.196289,-2.86865,-59.9365,-28.7476,,,,,,,54.9756,75.2893,103.162
23:47:01.045,eb:33:2e:f9:57:b5,,-0.904785,0.169922,0.14502,121.765,90.271,-48.4619,,,,,,,57.3761,77.5085,103.277
23:47:01.093,eb:33:2e:f9:57:b5,,-0.945312,0.064941,0.153809,123.047,92.3462,-67.9321,,,,,,,76.7505,80.9637,117.175
23:47:01.172,eb:33:2e:f9:57:b5,,-0.868164,0.095703,0.116699,71.3501,-2.68555,-2.68555,,,,,,,89.0826,81.8591,126.392
23:47:01.188,eb:33:2e:f9:57:b5,,-1.01172,0.115723,0.053711,77.9419,54.7485,-41.626,,,,,,,109.753,82.5128,143.822
23:47:01.220,eb:33:2e:f9:57:b5,,-1.05127,0.09668,0.096191,-35.0342,44.0063,23.6206,,,,,,,120.844,82.2546,154.396
23:47:01.252,eb:33:2e:f9:57:b5,,-1.02539,0.130859,-0.059082,-24.0479,54.0161,-12.3901,,,,,,,134.632,80.3979,169.261
23:47:01.284,eb:33:2e:f9:57:b5,,-1.06982,0.077148,-0.226562,-24.7803,46.936,-2.74658,,,,,,,143.789,79.4147,179.621
23:47:01.324,eb:33:2e:f9:57:b5,,-1.01856,0.061523,-0.124023,-53.894,52.1851,-12.2681,,,,,,,149.233,77.8931,-173.447
23:47:01.381,eb:33:2e:f9:57:b5,,-1.05957,0.135254,-0.160156,6.95801,44.6777,-45.4712,,,,,,,159.829,76.8988,-161.653
23:47:01.411,eb:33:2e:f9:57:b5,,-1.02393,0.039062,-0.26123,5.37109,-16.0522,0.427246,,,,,,,165.3,76.366,-156.528
23:47:01.427,eb:33:2e:f9:57:b5,,-0.987305,0.098633,-0.141113,4.82178,-30.8228,-3.90625,,,,,,,163.141,77.2888,-158.873
23:47:01.496,eb:33:2e:f9:57:b5,,-1.00781,0.075195,-0.175781,7.01904,-32.4097,-21.6675,,,,,,,162.285,78.9862,-160.082
23:47:01.523,eb:33:2e:f9:57:b5,,-1.01758,0.031738,-0.233887,-11.6577,-26.1841,-19.4702,,,,,,,166.366,80.0848,-155.88
23:47:01.586,eb:33:2e:f9:57:b5,,-1.00439,0.102539,-0.102539,26.1841,-16.4185,-106.506,,,,,,,176.012,81.3153,-146.338
23:47:01.618,eb:33:2e:f9:57:b5,,-1.05859,-0.061035,-0.088379,29.0527,-12.8174,-126.648,,,,,,,-140.581,80.1727,-103.892
23:47:01.650,eb:33:2e:f9:57:b5,,-1.06103,-0.079102,-0.051758,-14.6484,-58.8989,-7.93457,,,,,,,-128.156,79.3378,-91.6315
23:47:01.687,eb:33:2e:f9:57:b5,,-1.01856,-0.060059,-0.11377,-26.9775,-177.124,23.9258,,,,,,,-97.1136,81.958,-59.0515
23:47:01.729,eb:33:2e:f9:57:b5,,-0.953125,-0.002441,0.165527,-11.4746,-88.0737,-17.0288,,,,,,,-52.5037,80.4968,-13.4088
23:47:01.761,eb:33:2e:f9:57:b5,,-1.03076,-0.119141,0.19043,21.6675,-9.39941,-59.6313,,,,,,,-49.6088,78.3765,-10.5634
23:47:01.826,eb:33:2e:f9:57:b5,,-1.04248,-0.145508,0.188477,24.0479,-40.3442,-0.976562,,,,,,,-50.1141,76.4429,-11.7059
23:47:01.856,eb:33:2e:f9:57:b5,,-1.12012,-0.149902,0.228027,62.5,101.013,-12.6953,,,,,,,-55.2722,77.3987,-18.5614
23:47:01.888,eb:33:2e:f9:57:b5,,-0.986328,-0.118164,0.069336,87.6465,221.802,-35.8887,,,,,,,-83.4631,78.717,-50.3284
23:47:01.938,eb:33:2e:f9:57:b5,,-1.0249,-0.276855,-0.133301,22.3389,132.629,31.6772,,,,,,,-118.696,76.734,-88.8354
23:47:01.967,eb:33:2e:f9:57:b5,,-1.0293,-0.248047,-0.217773,-22.0337,128.479,35.8276,,,,,,,-138.9,74.6301,-109.523
23:47:01.999,eb:33:2e:f9:57:b5,,-1.01709,-0.205566,-0.301758,-55.9692,124.939,12.085,,,,,,,-153.188,70.6915,-122.778
23:47:02.063,eb:33:2e:f9:57:b5,,-1.00635,-0.173828,-0.387207,-14.9536,95.2759,-25.1465,,,,,,,-157.467,64.5392,-127.222
23:47:02.108,eb:33:2e:f9:57:b5,,-0.898926,-0.255371,-0.451172,-3.479,71.106,-14.3433,,,,,,,-158.719,61.463,-128.617
23:47:02.142,eb:33:2e:f9:57:b5,,-0.888184,-0.137695,-0.365234,-29.8462,26.6113,-36.3159,,,,,,,-159.461,58.7219,-128.721
23:47:02.174,eb:33:2e:f9:57:b5,,-0.806641,-0.16748,-0.414062,-4.94385,-55.7251,-14.7705,,,,,,,-158.22,58.8208,-126.579
23:47:02.222,eb:33:2e:f9:57:b5,,-0.835938,-0.194824,-0.385254,-23.8037,-121.826,-6.28662,,,,,,,-155.33,62.1002,-122.574
23:47:02.237,eb:33:2e:f9:57:b5,,-0.817871,-0.136719,-0.266113,-16.8457,-97.8394,-8.97217,,,,,,,-153.578,65.1215,-119.883
23:47:02.269,eb:33:2e:f9:57:b5,,-0.92334,-0.223633,-0.290527,-13.9771,-202.454,8.11768,,,,,,,-146.689,70.0763,-111.885
23:47:02.332,eb:33:2e:f9:57:b5,,-0.927734,-0.170898,0.004883,-2.31934,-243.53,-5.98144,,,,,,,-116.016,77.959,-79.6783
23:47:02.364,eb:33:2e:f9:57:b5,,-0.938477,-0.235352,-0.025879,-19.165,-147.583,-28.6865,,,,,,,-82.6007,78.382,-45.2911
23:47:02.491,eb:33:2e:f9:57:b5,,-0.990723,-0.223633,0.139648,2.07519,-260.132,-32.7148,,,,,,,-50.191,73.5754,-11.9421
23:47:02.523,eb:33:2e:f9:57:b5,,-0.977051,-0.254395,0.30127,-50.293,-258.545,-58.3496,,,,,,,-35.755,64.8798,4.72412
23:47:02.539,eb:33:2e:f9:57:b5,,-0.865723,-0.248047,0.442871,-12.3901,-195.74,-55.603,,,,,,,-30.553,55.7941,11.7279
23:47:02.555,eb:33:2e:f9:57:b5,,-0.832031,-0.290039,0.562012,6.46973,-163.513,-54.6875,,,,,,,-27.8009,47.6532,14.8535
23:47:02.587,eb:33:2e:f9:57:b5,,-0.782227,-0.342285,0.650879,5.85938,-66.7725,-20.4468,,,,,,,-26.9604,43.2312,15.8533
23:47:02.639,eb:33:2e:f9:57:b5,,-0.537109,-0.312988,0.664062,7.99561,-166.87,-43.335,,,,,,,-25.6531,39.0674,17.0563
23:47:02.652,eb:33:2e:f9:57:b5,,-0.598633,-0.311523,0.776855,23.8647,-128.479,-44.8608,,,,,,,-24.2798,32.3547,18.3252
23:47:02.700,eb:33:2e:f9:57:b5,,-0.54248,-0.333984,0.745117,32.8979,-92.1631,-31.7993,,,,,,,-22.7527,27.345,18.869
23:47:02.732,eb:33:2e:f9:57:b5,,-0.389648,-0.312988,0.84668,12.3291,-70.0684,-25.4517,,,,,,,-21.8353,24.1919,19.0833
23:47:02.780,eb:33:2e:f9:57:b5,,-0.412109,-0.324219,0.845703,35.4614,-97.4121,-37.5366,,,,,,,-20.5719,19.9127,19.2645
23:47:02.844,eb:33:2e:f9:57:b5,,-0.303711,-0.336914,0.871582,21.4233,-83.8013,-31.9214,,,,,,,-19.7314,17.0892,19.1052
23:47:02.876,eb:33:2e:f9:57:b5,,-0.328613,-0.347656,0.956055,4.08936,13.7939,-6.46973,,,,,,,-19.1437,15.0897,18.7976
23:47:02.909,eb:33:2e:f9:57:b5,,-0.272949,-0.331543,0.936523,22.522,-80.8105,-21.3623,,,,,,,-18.6548,13.4418,18.7317
23:47:02.940,eb:33:2e:f9:57:b5,,-0.26123,-0.324219,0.911621,-5.00488,15.564,1.46484,,,,,,,-18.4076,12.453,18.6877
23:47:02.977,eb:33:2e:f9:57:b5,,-0.234863,-0.326172,0.94043,10.9253,-58.4717,-12.6343,,,,,,,-18.5229,11.7938,18.7537
23:47:03.058,eb:33:2e:f9:57:b5,,-0.212891,-0.29541,0.947266,7.26318,-26.4282,-6.89697,,,,,,,-17.9626,9.59656,18.9789
23:47:03.084,eb:33:2e:f9:57:b5,,-0.147949,-0.313965,0.902832,-2.38037,-24.6582,-6.40869,,,,,,,-17.9352,9.24499,18.9404
23:47:03.116,eb:33:2e:f9:57:b5,,-0.202637,-0.307129,0.930664,-5.31006,-39.0015,-7.87354,,,,,,,-18.0231,7.48169,19.1162
23:47:03.163,eb:33:2e:f9:57:b5,,-0.158203,-0.302246,0.957031,-9.70459,20.5078,6.22559,,,,,,,-18.2648,7.26746,19.2041
23:47:03.195,eb:33:2e:f9:57:b5,,-0.109375,-0.309082,0.922852,4.57764,-58.7158,-14.3433,,,,,,,-18.4021,6.60278,19.292
23:47:03.243,eb:33:2e:f9:57:b5,,-0.123047,-0.321777,0.982422,-2.07519,-15.9302,-2.74658,,,,,,,-18.3911,4.91638,19.4348
23:47:03.275,eb:33:2e:f9:57:b5,,-0.103027,-0.3125,0.884277,-2.31934,-29.7852,-5.12695,,,,,,,-18.2867,3.73535,19.5666
23:47:03.324,eb:33:2e:f9:57:b5,,-0.077637,-0.305176,0.938965,-8.17871,-11.7188,0.244141,,,,,,,-18.5504,3.10913,19.715
23:47:03.367,eb:33:2e:f9:57:b5,,-0.080078,-0.320312,0.928223,1.40381,-25.7568,-6.89697,,,,,,,-18.5944,2.1698,19.8138
23:47:03.403,eb:33:2e:f9:57:b5,,-0.056152,-0.330566,0.981445,-0.671387,-17.8833,-3.72315,,,,,,,-18.5779,1.00525,19.9072
23:47:03.434,eb:33:2e:f9:57:b5,,-0.020996,-0.333984,0.907227,3.66211,-36.0107,-3.479,,,,,,,-18.5834,0.324097,20.0665
23:47:03.482,eb:33:2e:f9:57:b5,,-0.012207,-0.290039,0.879395,2.74658,-36.9873,-4.27246,,,,,,,-18.2922,-1.3678,20.3851
23:47:03.514,eb:33:2e:f9:57:b5,,-0.003418,-0.340332,0.935547,-10.1929,-13.0615,4.88281,,,,,,,-18.6053,-1.99402,20.6488
23:47:03.567,eb:33:2e:f9:57:b5,,0.01123,-0.345703,1.02148,-9.94873,13.1836,11.2305,,,,,,,-19.1382,-1.69189,20.9619
23:47:03.593,eb:33:2e:f9:57:b5,,0.007324,-0.339355,0.956543,2.74658,-2.44141,2.99072,,,,,,,-19.259,-1.10413,21.0773
23:47:03.625,eb:33:2e:f9:57:b5,,-0.068848,-0.341309,0.953613,-7.26318,31.25,15.7471,,,,,,,-19.3524,-0.730591,21.2366
23:47:03.677,eb:33:2e:f9:57:b5,,-0.05957,-0.333496,0.984863,-19.4092,107.056,32.1655,,,,,,,-19.9731,2.59277,21.0938
23:47:03.717,eb:33:2e:f9:57:b5,,-0.152832,-0.353027,0.913574,-5.67627,110.901,28.0151,,,,,,,-20.2917,7.04224,20.6213
23:47:03.754,eb:33:2e:f9:57:b5,,-0.334961,-0.376465,0.971191,-13.916,177.673,46.3257,,,,,,,-20.9454,12.6343,19.9292
23:47:03.805,eb:33:2e:f9:57:b5,,-0.373535,-0.325195,0.972168,31.25,252.563,53.4058,,,,,,,-21.1047,22.0221,18.512
23:47:03.832,eb:33:2e:f9:57:b5,,-0.505859,-0.317383,0.774902,1.2207,210.449,14.0381,,,,,,,-21.297,30.9705,16.095
23:47:03.881,eb:33:2e:f9:57:b5,,-0.531738,-0.256348,0.95166,-32.0435,315.796,42.4194,,,,,,,-25.8838,41.9513,11.1951
23:47:03.927,eb:33:2e:f9:57:b5,,-0.743652,-0.28418,0.469238,-6.65283,242.065,15.2588,,,,,,,-29.5972,50.1416,6.31165
23:47:03.974,eb:33:2e:f9:57:b5,,-0.928711,-0.341309,0.4375,-13.7329,223.389,1.28174,,,,,,,-37.5787,58.2166,-2.82349
23:47:04.015,eb:33:2e:f9:57:b5,,-0.928223,-0.322754,0.311523,-10.376,199.036,7.93457,,,,,,,-49.9109,64.7424,-16.051
23:47:04.038,eb:33:2e:f9:57:b5,,-0.90918,-0.357422,0.070801,-6.53076,231.567,-10.0708,,,,,,,-68.4833,69.1589,-35.8429
23:47:04.086,eb:33:2e:f9:57:b5,,-1.00977,-0.291992,0.035645,17.8833,184.326,-15.564,,,,,,,-91.9885,69.939,-60.9576
23:47:04.117,eb:33:2e:f9:57:b5,,-0.994629,-0.260254,-0.049316,67.3828,146.057,-24.231,,,,,,,-107.155,68.0713,-78.8599
23:47:04.149,eb:33:2e:f9:57:b5,,-0.912109,-0.36377,-0.148926,78.8574,90.4541,-38.269,,,,,,,-114.197,65.0446,-89.7748
23:47:04.201,eb:33:2e:f9:57:b5,,-0.819336,-0.347168,-0.15625,117.676,50.1099,-163.513,,,,,,,-113.357,60.8423,-93.197
23:47:04.229,eb:33:2e:f9:57:b5,,-0.800781,-0.543945,-0.141113,91.9189,2.86865,-205.933,,,,,,,-104.985,52.7289,-88.3795
23:47:04.260,eb:33:2e:f9:57:b5,,-0.591797,-0.66748,-0.144043,94.9707,56.5796,-130.981,,,,,,,-100.646,46.1151,-87.7808
23:47:04.308,eb:33:2e:f9:57:b5,,-0.74707,-0.773438,-0.109863,74.5239,14.2212,-101.99,,,,,,,-96.7896,39.6167,-87.0557
23:47:04.367,eb:33:2e:f9:57:b5,,-0.580566,-0.749512,-0.143066,54.3213,51.0254,-60.4858,,,,,,,-96.0095,36.6614,-89.6979
23:47:04.403,eb:33:2e:f9:57:b5,,-0.67041,-0.833496,-0.081055,39.0625,44.9219,-115.906,,,,,,,-94.9219,32.7997,-91.2305
23:47:04.444,eb:33:2e:f9:57:b5,,-0.49707,-0.853516,-0.105957,1.40381,37.2925,-93.8721,,,,,,,-94.9878,28.6743,-92.6752
23:47:04.478,eb:33:2e:f9:57:b5,,-0.482422,-0.882324,-0.121094,-7.8125,78.4302,-95.2759,,,,,,,-96.416,24.4666,-95.7074
23:47:04.497,eb:33:2e:f9:57:b5,,-0.371582,-0.911621,-0.183594,-26.062,42.0532,-99.1821,,,,,,,-97.8607,20.5664,-97.8882
23:47:04.562,eb:33:2e:f9:57:b5,,-0.32666,-0.960938,-0.113281,-34.79,-21.9727,-96.9238,,,,,,,-99.1022,16.4026,-96.8115
23:47:04.593,eb:33:2e:f9:57:b5,,-0.256348,-0.939453,-0.167969,-14.6484,20.874,-46.0205,,,,,,,-99.9866,13.6395,-96.6138
23:47:04.625,eb:33:2e:f9:57:b5,,-0.244141,-0.978027,-0.214355,-18.3716,15.8691,-22.7661,,,,,,,-100.618,12.1674,-97.1356
23:47:04.674,eb:33:2e:f9:57:b5,,-0.268066,-1.01709,-0.242676,-41.1377,0.854492,19.8975,,,,,,,-101.783,11.9696,-97.5916
23:47:04.705,eb:33:2e:f9:57:b5,,-0.236816,-0.933594,-0.288574,-106.445,-33.9355,75.8667,,,,,,,-104.727,14.101,-97.4158
23:47:04.737,eb:33:2e:f9:57:b5,,-0.337891,-0.888672,-0.310059,-92.3462,-0.610352,116.394,,,,,,,-108.973,17.9187,-98.3881
23:47:04.801,eb:33:2e:f9:57:b5,,-0.399902,-0.847656,-0.442383,-123.962,-82.7637,179.382,,,,,,,-113.242,23.7579,-99.4153
23:47:04.817,eb:33:2e:f9:57:b5,,-0.568359,-0.77002,-0.364746,-153.381,-135.376,196.655,,,,,,,-118.812,32.8546,-98.1628
23:47:04.849,eb:33:2e:f9:57:b5,,-0.70166,-0.618652,-0.410645,-83.252,-58.2886,198.669,,,,,,,-124.107,41.8579,-99.4427
23:47:04.913,eb:33:2e:f9:57:b5,,-0.808105,-0.527344,-0.455078,-83.9233,-95.52,238.22,,,,,,,-130.886,50.2405,-104.288
23:47:05.009,eb:33:2e:f9:57:b5,,-0.884277,-0.361328,-0.390137,-160.461,-97.5952,327.332,,,,,,,-143.295,60.9082,-113.423
23:47:05.025,eb:33:2e:f9:57:b5,,-0.845703,0.04248,-0.286621,-184.509,-91.1865,282.349,,,,,,,-177.649,68.5931,-142.888
23:47:05.057,eb:33:2e:f9:57:b5,,-0.896973,0.208008,-0.17334,-129.333,-152.283,182.922,,,,,,,146.717,71.4496,-174.172
23:47:05.073,eb:33:2e:f9:57:b5,,-0.970215,0.313965,-0.125488,-54.5654,-106.934,82.4585,,,,,,,120.531,71.3397,162.059
23:47:05.102,eb:33:2e:f9:57:b5,,-0.91748,0.340332,-0.073242,-29.6631,-91.7358,52.6123,,,,,,,104.299,70.329,146.706
23:47:05.154,eb:33:2e:f9:57:b5,,-0.939941,0.381836,0.01709,-8.91113,-52.063,22.7661,,,,,,,94.5044,69.3622,137.219
23:47:05.185,eb:33:2e:f9:57:b5,,-0.937988,0.368652,-0.013672,8.60596,2.74658,-0.732422,,,,,,,91.7853,69.0271,134.291
23:47:05.249,eb:33:2e:f9:57:b5,,-0.995117,0.367188,0.013184,29.2358,3.54004,-31.7383,,,,,,,93.2794,69.6039,135.137
23:47:05.281,eb:33:2e:f9:57:b5,,-0.999023,0.361816,-0.003418,77.4536,9.39941,-59.2651,,,,,,,96.5588,71.4496,136.45
23:47:05.305,eb:33:2e:f9:57:b5,,-0.950195,0.262207,-0.050293,130.737,8.05664,-152.405,,,,,,,104.233,75.0806,140.279
23:47:05.361,eb:33:2e:f9:57:b5,,-1.07422,0.063965,-0.052734,125.122,59.2651,-320.435,,,,,,,155.039,83.1171,-173.765
23:47:05.396,eb:33:2e:f9:57:b5,,-0.974121,-0.078613,-0.11084,129.395,59.9365,-252.075,,,,,,,-130.391,76.8988,-103.271
23:47:05.424,eb:33:2e:f9:57:b5,,-0.884277,-0.322266,-0.203125,104.004,50.6592,-126.526,,,,,,,-113.719,69.494,-91.4282
23:47:05.488,eb:33:2e:f9:57:b5,,-0.928223,-0.463379,-0.13623,87.0361,31.0059,-298.706,,,,,,,-105.76,59.5459,-87.4182
23:47:05.520,eb:33:2e:f9:57:b5,,-0.820801,-0.549316,-0.116211,104.736,57.9834,-128.784,,,,,,,-102.063,51.4545,-87.583
23:47:05.551,eb:33:2e:f9:57:b5,,-0.72168,-0.678223,-0.115723,75.3784,36.7432,-157.227,,,,,,,-99.0692,45.8624,-88.3575
23:47:05.602,eb:33:2e:f9:57:b5,,-0.662598,-0.73877,-0.116211,24.8413,-0.427246,-160.645,,,,,,,-97.2345,39.5068,-88.1598
23:47:05.631,eb:33:2e:f9:57:b5,,-0.62793,-0.785645,-0.090332,24.7803,39.4897,-112.61,,,,,,,-95.9821,33.9862,-87.7643
23:47:05.667,eb:33:2e:f9:57:b5,,-0.514648,-0.875,-0.133301,-0.915527,53.772,-99.1821,,,,,,,-96.2238,29.5862,-89.4122
23:47:05.731,eb:33:2e:f9:57:b5,,-0.46875,-0.901367,-0.145508,-19.2261,31.25,-109.558,,,,,,,-97.5641,25.0323,-91.1426
23:47:05.759,eb:33:2e:f9:57:b5,,-0.378906,-0.888672,-0.154297,-4.39453,27.8931,-75.8057,,,,,,,-97.9871,21.4453,-91.2689
23:47:05.791,eb:33:2e:f9:57:b5,,-0.369141,-1.01856,-0.183105,-13.7329,15.1367,-63.6597,,,,,,,-98.4814,18.4406,-91.7798
23:47:05.841,eb:33:2e:f9:57:b5,,-0.35791,-0.959961,-0.146973,-22.2778,-10.5591,-26.7944,,,,,,,-99.245,16.496,-91.4667
23:47:05.878,eb:33:2e:f9:57:b5,,-0.33252,-1.00293,-0.187012,-16.1743,-13.1836,29.7241,,,,,,,-99.6295,16.6168,-90.7526
23:47:05.903,eb:33:2e:f9:57:b5,,-0.376465,-0.969238,-0.255859,-72.5098,-5.67627,67.9321,,,,,,,-101.212,18.5284,-90.8734
23:47:05.965,eb:33:2e:f9:57:b5,,-0.43457,-0.927734,-0.255371,-80.8105,-2.19727,121.033,,,,,,,-104.848,22.1155,-91.7853
23:47:05.997,eb:33:2e:f9:57:b5,,-0.516602,-0.817871,-0.303711,-106.262,-9.70459,226.746,,,,,,,-109.16,29.0039,-93.6969
23:47:06.029,eb:33:2e:f9:57:b5,,-0.657227,-0.775879,-0.355469,-89.5386,0.793457,211.121,,,,,,,-115.488,36.6229,-98.2233
23:47:06.077,eb:33:2e:f9:57:b5,,-0.693359,-0.597656,-0.367676,-81.1768,-62.6221,184.021,,,,,,,-121.102,44.7198,-101.711
23:47:06.108,eb:33:2e:f9:57:b5,,-0.873047,-0.551758,-0.356445,-59.8145,-82.0312,184.692,,,,,,,-125.338,52.2015,-103.145
23:47:06.148,eb:33:2e:f9:57:b5,,-0.924316,-0.388672,-0.320801,-49.4995,-71.167,241.577,,,,,,,-132.671,61.0565,-109.281
23:47:06.203,eb:33:2e:f9:57:b5,,-0.868652,-0.174805,-0.321289,-51.2695,-46.9971,169.922,,,,,,,-146.382,68.302,-121.998
23:47:06.235,eb:33:2e:f9:57:b5,,-1.0083,-0.10791,-0.275879,-42.6025,-74.646,158.997,,,,,,,-161.774,72.9712,-136.093
23:47:06.300,eb:33:2e:f9:57:b5,,-0.923828,0.035156,-0.206055,-32.8979,-114.807,195.19,,,,,,,167.124,77.5854,-166.63
23:47:06.348,eb:33:2e:f9:57:b5,,-0.998535,0.200195,-0.072266,-19.8364,-49.2554,152.649,,,,,,,128.117,76.5912,154.589
23:47:06.380,eb:33:2e:f9:57:b5,,-0.92627,0.299316,-0.080566,-21.4233,-66.1621,164.551,,,,,,,110.462,72.1472,137.148
23:47:06.396,eb:33:2e:f9:57:b5,,-0.914062,0.433594,-0.054199,-56.2744,-55.9692,286.865,,,,,,,97.24,63.089,124.865
23:47:06.444,eb:33:2e:f9:57:b5,,-0.813477,0.602539,0.026367,-44.4336,-35.5835,144.226,,,,,,,90.9888,54.7668,120.037
23:47:06.476,eb:33:2e:f9:57:b5,,-0.697266,0.627441,0.015625,-29.0527,-26.1841,48.2178,,,,,,,88.5663,51.1139,118.455
23:47:06.539,eb:33:2e:f9:57:b5,,-0.766602,0.667969,0.103027,-0.854492,-23.9868,18.4326,,,,,,,86.5283,50.1141,116.455
23:47:06.571,eb:33:2e:f9:57:b5,,-0.759766,0.644531,0.033691,1.89209,-12.2681,12.4512,,,,,,,85.9296,49.455,115.554
23:47:06.592,eb:33:2e:f9:57:b5,,-0.767578,0.649902,0.023438,2.07519,6.65283,-18.1885,,,,,,,86.1493,49.5868,115.664
23:47:06.661,eb:33:2e:f9:57:b5,,-0.855957,0.653809,0.030762,6.7749,-20.0806,-13.9771,,,,,,,85.9955,50.6085,115.28
23:47:06.714,eb:33:2e:f9:57:b5,,-0.790039,0.61377,0.053711,13.4888,2.80762,-17.5171,,,,,,,85.8582,50.9052,114.56
23:47:06.744,eb:33:2e:f9:57:b5,,-0.788086,0.616211,0.050781,10.9863,19.4702,-38.8794,,,,,,,87.0227,52.1301,115.455
23:47:06.781,eb:33:2e:f9:57:b5,,-0.791992,0.616211,0.026367,14.2822,-15.564,-24.7803,,,,,,,87.6379,53.2452,115.67
23:47:06.810,eb:33:2e:f9:57:b5,,-0.877441,0.587402,0.025879,14.6484,5.06592,-9.76562,,,,,,,87.8357,54.0253,115.071
23:47:06.844,eb:33:2e:f9:57:b5,,-0.781738,0.573242,,16.7847,13.0005,-12.3901,,,,,,,89.0771,54.1846,115.906
23:47:06.889,eb:33:2e:f9:57:b5,,-0.874023,0.600098,0.022949,29.7852,11.8408,-42.7246,,,,,,,90.379,55.4864,116.417
23:47:06.922,eb:33:2e:f9:57:b5,,-0.823242,0.550781,0.006836,21.7896,-5.43213,-19.6533,,,,,,,90.9833,56.5302,116.021
23:47:06.953,eb:33:2e:f9:57:b5,,-0.838379,0.518555,-0.019043,23.0713,23.4985,-68.9697,,,,,,,92.3236,58.2275,116.565
23:47:07.017,eb:33:2e:f9:57:b5,,-0.849121,0.511719,-0.021484,38.269,35.4004,-103.638,,,,,,,96.6797,61.3971,120.19
23:47:07.049,eb:33:2e:f9:57:b5,,-0.956055,0.388672,-0.061035,58.2275,-26.001,-231.934,,,,,,,100.673,68.0768,122.552
23:47:07.081,eb:33:2e:f9:57:b5,,-0.969238,0.238281,-0.048828,51.7578,3.23486,-167.603,,,,,,,107.556,75.8606,127.491
23:47:07.133,eb:33:2e:f9:57:b5,,-1.06201,0.048828,-0.083496,66.9556,17.1509,-309.937,,,,,,,147.047,83.6719,164.833
23:47:07.171,eb:33:2e:f9:57:b5,,-1.01856,-0.06543,-0.089844,54.3213,-14.5264,-138.123,,,,,,,-126.519,81.4526,-110.797
23:47:07.202,eb:33:2e:f9:57:b5,,-1.02051,-0.191895,-0.095703,35.8276,18.9209,-101.501,,,,,,,-110.182,77.2668,-96.0645
23:47:07.249,eb:33:2e:f9:57:b5,,-0.97998,-0.216797,-0.079102,45.4712,3.90625,-101.746,,,,,,,-106.436,73.3667,-93.642
23:47:07.281,eb:33:2e:f9:57:b5,,-0.953125,-0.307617,-0.053711,69.3359,-34.3628,-142.273,,,,,,,-97.251,68.4064,-86.6986
23:47:07.313,eb:33:2e:f9:57:b5,,-0.931152,-0.442383,-0.042969,64.27,-12.9395,-127.93,,,,,,,-91.4062,63.6218,-83.3148
23:47:07.377,eb:33:2e:f9:57:b5,,-0.952148,-0.494141,-0.035645,54.9927,-32.5317,-141.846,,,,,,,-89.621,60.2216,-82.9742
23:47:07.409,eb:33:2e:f9:57:b5,,-0.83252,-0.538086,0.049805,73.9136,3.84522,-110.779,,,,,,,-86.1548,55.2008,-81.8536
23:47:07.457,eb:33:2e:f9:57:b5,,-0.802734,-0.628418,0.017578,38.0859,16.0522,-83.5571,,,,,,,-85.1331,51.3446,-83.4521
23:47:07.489,eb:33:2e:f9:57:b5,,-0.794922,-0.64502,0.027832,11.3525,-13.4888,-59.2651,,,,,,,-84.3805,48.4113,-83.7762
23:47:07.521,eb:33:2e:f9:57:b5,,-0.709961,-0.655273,0.04541,-13.3057,22.8271,-76.1108,,,,,,,-84.6552,45.7636,-84.0344
23:47:07.553,eb:33:2e:f9:57:b5,,-0.732422,-0.712402,0.023438,-15.625,28.3203,-71.3501,,,,,,,-86.7371,42.7313,-86.012
23:47:07.619,eb:33:2e:f9:57:b5,,-0.664062,-0.740723,0.015137,-20.1416,12.5732,-72.2046,,,,,,,-88.4015,39.8969,-87.3743
23:47:07.651,eb:33:2e:f9:57:b5,,-0.638184,-0.772949,-0.012207,-22.0947,28.4424,-86.2427,,,,,,,-89.9396,36.7218,-88.4839
23:47:07.680,eb:33:2e:f9:57:b5,,-0.661133,-0.83252,-0.008301,0.793457,-4.02832,-29.0527,,,,,,,-90.5823,34.3213,-88.8574
23:47:07.730,eb:33:2e:f9:57:b5,,-0.576172,-0.825195,-0.041016,-11.2305,12.9395,-40.5884,,,,,,,-90.6207,33.0524,-88.8409
23:47:07.760,eb:33:2e:f9:57:b5,,-0.598633,-0.874512,-0.031738,-4.82178,-12.3901,-29.9683,,,,,,,-90.9888,31.4703,-88.7256
23:47:07.794,eb:33:2e:f9:57:b5,,-0.539551,-0.799805,-0.027832,7.93457,11.1084,-18.3716,,,,,,,-90.8405,30.6903,-88.6267
23:47:07.857,eb:33:2e:f9:57:b5,,-0.549805,-0.875,-0.047363,-2.31934,12.0239,-24.6582,,,,,,,-91.0382,29.7784,-89.2529
23:47:07.889,eb:33:2e:f9:57:b5,,-0.504395,-0.893555,-0.040039,-23.6206,12.9395,-66.1011,,,,,,,-91.7523,27.9108,-89.599
23:47:07.921,eb:33:2e:f9:57:b5,,-0.545898,-0.853516,-0.021484,8.60596,1.83106,-34.9121,,,,,,,-92.1918,25.8289,-89.8462
23:47:08.001,eb:33:2e:f9:57:b5,,-0.418457,-0.891602,-0.063965,-2.2583,0.610352,-44.2505,,,,,,,-91.8951,24.4116,-89.7418
23:47:08.035,eb:33:2e:f9:57:b5,,-0.398438,-0.936523,-0.063477,-10.7422,19.4092,-67.9932,,,,,,,-92.5763,21.9342,-90.3461
23:47:08.064,eb:33:2e:f9:57:b5,,-0.414551,-0.91748,-0.049805,-0.12207,2.99072,-40.1611,,,,,,,-92.8839,19.8248,-90.5988
23:47:08.096,eb:33:2e:f9:57:b5,,-0.321289,-0.929199,-0.075684,-1.15967,11.4136,-35.7666,,,,,,,-93.0597,18.2208,-90.8734
23:47:08.127,eb:33:2e:f9:57:b5,,-0.342285,-0.972656,-0.070312,-6.10352,13.1226,-51.3306,,,,,,,-93.208,16.3477,-91.0272
23:47:08.191,eb:33:2e:f9:57:b5,,-0.330078,-0.955078,-0.056152,0.549316,1.46484,-32.5928,,,,,,,-93.4277,14.6228,-91.2744
23:47:08.207,eb:33:2e:f9:57:b5,,-0.266113,-0.938477,-0.066895,3.479,2.31934,-32.4707,,,,,,,-93.2355,13.4583,-90.9888
23:47:08.271,eb:33:2e:f9:57:b5,,-0.228516,-0.984375,-0.085938,-3.23486,13.0615,-45.7153,,,,,,,-93.3783,11.7224,-91.3293
23:47:08.303,eb:33:2e:f9:57:b5,,-0.24707,-0.991699,-0.072266,-1.15967,-1.46484,-27.6489,,,,,,,-93.4827,10.2393,-91.4117
23:47:08.335,eb:33:2e:f9:57:b5,,-0.220215,-0.972656,-0.063477,-0.366211,16.4795,-24.5972,,,,,,,-93.5486,9.22852,-91.615
23:47:08.366,eb:33:2e:f9:57:b5,,-0.187988,-1.00781,-0.097656,0.549316,5.37109,-16.5405,,,,,,,-93.5596,8.33313,-92.0435
23:47:08.431,eb:33:2e:f9:57:b5,,-0.137695,-0.963379,-0.095703,-5.31006,3.2959,-27.2827,,,,,,,-93.7573,7.44324,-92.1753
23:47:08.460,eb:33:2e:f9:57:b5,,-0.144043,-1.01465,-0.105957,-11.0474,0.427246,-49.5605,,,,,,,-94.1144,5.81726,-92.1643
23:47:08.477,eb:33:2e:f9:57:b5,,-0.168457,-1.01123,-0.077637,-9.33838,2.13623,-34.3628,,,,,,,-94.5923,4.05945,-92.0709
23:47:08.545,eb:33:2e:f9:57:b5,,-0.083984,-0.984375,-0.098633,-4.5166,11.4136,-22.2168,,,,,,,-94.8395,3.02673,-92.2028
23:47:08.573,eb:33:2e:f9:57:b5,,-0.059082,-1.00147,-0.125488,-19.043,21.9727,-53.894,,,,,,,-95.3229,1.40076,-92.7301
23:47:08.605,eb:33:2e:f9:57:b5,,-0.040039,-0.990723,-0.123047,-9.15527,8.48389,-35.1562,,,,,,,-95.9546,-0.450439,-93.0762
23:47:08.670,eb:33:2e:f9:57:b5,,-0.000488,-1.00391,-0.123535,-8.05664,10.6201,-35.7056,,,,,,,-96.3831,-2.00501,-93.3948
23:47:08.717,eb:33:2e:f9:57:b5,,0.053223,-1.01416,-0.154297,-24.1089,24.6582,-70.6787,,,,,,,-97.0038,-4.1803,-93.8177
23:47:08.750,eb:33:2e:f9:57:b5,,0.042969,-0.986328,-0.131348,-14.3433,12.2681,-46.6309,,,,,,,-97.8058,-6.70715,-94.2023
23:47:08.781,eb:33:2e:f9:57:b5,,0.107422,-0.983398,-0.167969,-10.6812,14.7705,-37.5977,,,,,,,-98.2837,-8.50342,-94.6912
23:47:08.816,eb:33:2e:f9:57:b5,,0.195801,-0.942871,-0.179199,-16.2964,4.45557,-46.3867,,,,,,,-98.7781,-10.0635,-94.7571
23:47:08.844,eb:33:2e:f9:57:b5,,0.152832,-0.974121,-0.171387,-24.4751,21.3623,-71.3501,,,,,,,-99.5801,-12.5739,-94.7736
23:47:08.940,eb:33:2e:f9:57:b5,,0.228516,-0.938965,-0.183594,-18.3105,13.6719,-54.5654,,,,,,,-100.349,-15.0568,-94.9438
23:47:08.955,eb:33:2e:f9:57:b5,,0.263672,-0.938477,-0.203125,-21.4233,16.0522,-72.5098,,,,,,,-101.091,-17.5891,-94.9493
23:47:08.971,eb:33:2e:f9:57:b5,,0.302246,-0.928223,-0.210938,-22.4609,21.4844,-63.9038,,,,,,,-102.036,-20.6708,-95.1196
23:47:09.024,eb:33:2e:f9:57:b5,,0.476074,-0.817383,-0.244141,-14.4653,16.9678,-64.1479,,,,,,,-102.634,-23.0438,-95.1636
23:47:09.051,eb:33:2e:f9:57:b5,,0.338379,-0.9375,-0.224121,-36.438,30.3955,-120.972,,,,,,,-103.848,-27.5262,-94.9438
23:47:09.087,eb:33:2e:f9:57:b5,,0.413086,-0.818359,-0.20459,-6.5918,9.46045,-29.8462,,,,,,,-104.689,-30.6464,-95.0922
23:47:09.151,eb:33:2e:f9:57:b5,,0.625,-0.771484,-0.26123,-14.4043,11.9019,-93.3228,,,,,,,-105.002,-32.558,-94.8615
23:47:09.179,eb:33:2e:f9:57:b5,,0.432617,-0.868164,-0.224121,-17.4561,10.437,-33.5693,,,,,,,-106.062,-35.6451,-94.3671
23:47:09.211,eb:33:2e:f9:57:b5,,0.524414,-0.819824,-0.254883,4.76074,-17.2119,29.7852,,,,,,,-106.32,-35.6616,-94.2517
23:47:09.259,eb:33:2e:f9:57:b5,,0.53418,-0.886719,-0.317383,0.305176,-53.2837,110.291,,,,,,,-106.359,-32.4371,-93.6639
23:47:09.291,eb:33:2e:f9:57:b5,,0.508789,-0.855469,-0.250488,-39.4287,-32.7759,126.892,,,,,,,-107.952,-27.0044,-92.7301
23:47:09.323,eb:33:2e:f9:57:b5,,0.240234,-0.993652,-0.337402,-37.5366,-0.244141,140.747,,,,,,,-108.776,-22.3572,-94.1034
23:47:09.386,eb:33:2e:f9:57:b5,,0.214844,-0.960449,-0.413574,-90.5762,-67.749,257.019,,,,,,,-110.528,-14.1724,-95.9821
23:47:09.418,eb:33:2e:f9:57:b5,,0.150879,-0.875977,-0.384277,-108.459,-130.92,279.419,,,,,,,-115.093,-1.26343,-96.6302
23:47:09.498,eb:33:2e:f9:57:b5,,-0.225586,-0.94873,-0.533203,-75.9888,-118.164,230.103,,,,,,,-118.466,9.11865,-97.1411
23:47:09.530,eb:33:2e:f9:57:b5,,-0.357422,-0.803711,-0.529785,-99.7925,-189.148,290.955,,,,,,,-121.959,21.4069,-97.1301
23:47:09.546,eb:33:2e:f9:57:b5,,-0.613281,-0.671875,-0.490234,-83.5571,-135.132,305.237,,,,,,,-126.617,35.4364,-98.7726
23:47:09.626,eb:33:2e:f9:57:b5,,-0.788086,-0.515625,-0.462891,-75.0122,-98.7549,327.332,,,,,,,-134.105,47.8455,-105.282
23:47:09.657,eb:33:2e:f9:57:b5,,-0.797363,-0.300293,-0.46875,-90.6372,-135.864,304.016,,,,,,,-146.832,59.1998,-116.9
23:47:09.689,eb:33:2e:f9:57:b5,,-0.901367,-0.09668,-0.365723,-72.5708,-86.1816,213.623,,,,,,,-167.426,67.1265,-135.72
23:47:09.722,eb:33:2e:f9:57:b5,,-0.90918,0.071777,-0.317383,-58.4106,-95.3369,181.763,,,,,,,168.497,70.7355,-158.5
23:47:09.742,eb:33:2e:f9:57:b5,,-0.973145,0.178711,-0.267578,-44.1895,-126.282,140.93,,,,,,,142.685,72.1692,176.435
23:47:09.770,eb:33:2e:f9:57:b5,,-0.983398,0.255859,-0.158203,-60.9741,-105.652,190.002,,,,,,,116.439,70.2795,151.084
23:47:09.837,eb:33:2e:f9:57:b5,,-0.919434,0.433594,-0.085938,-53.3447,-81.2988,125.305,,,,,,,100.673,64.66,136.89
23:47:09.896,eb:33:2e:f9:57:b5,,-0.841797,0.48877,-0.016113,-50.293,-110.84,104.431,,,,,,,89.61,60.4083,126.887
23:47:09.912,eb:33:2e:f9:57:b5,,-0.823242,0.526855,0.077637,-41.9922,-82.6416,84.9609,,,,,,,81.535,56.3379,119.619
23:47:09.961,eb:33:2e:f9:57:b5,,-0.814453,0.590332,0.142578,-31.3721,-79.834,65.2466,,,,,,,76.8384,52.8442,115.587
23:47:09.992,eb:33:2e:f9:57:b5,,-0.789062,0.618164,0.17041,-28.0151,-84.2896,59.2041,,,,,,,72.6141,49.6088,111.703
23:47:10.007,eb:33:2e:f9:57:b5,,-0.741699,0.624023,0.226562,-25.9399,-67.8711,54.6875,,,,,,,68.9227,46.4722,108.347
23:47:10.073,eb:33:2e:f9:57:b5,,-0.69873,0.67041,0.293457,-14.4043,-40.1611,53.6499,,,,,,,67.2473,43.808,107.056
23:47:10.102,eb:33:2e:f9:57:b5,,-0.675781,0.683594,0.302734,-17.8223,-59.8145,42.0532,,,,,,,65.3632,41.2262,105.276
23:47:10.135,eb:33:2e:f9:57:b5,,-0.665527,0.694336,0.345215,-16.8457,-48.5229,42.3584,,,,,,,63.5614,38.8477,103.661
23:47:10.197,eb:33:2e:f9:57:b5,,-0.570801,0.716309,0.409668,-5.24902,-40.5273,35.5225,,,,,,,62.3914,36.4801,102.541
23:47:10.229,eb:33:2e:f9:57:b5,,-0.586914,0.729004,0.383301,-11.4746,-48.645,25.6348,,,,,,,61.2927,34.6783,101.349
23:47:10.261,eb:33:2e:f9:57:b5,,-0.515625,0.716797,0.431152,-0.793457,-29.7241,13.6108,,,,,,,60.1666,33.0579,99.9756
23:47:10.309,eb:33:2e:f9:57:b5,,-0.502441,0.727051,0.419922,22.1558,8.36182,-27.4658,,,,,,,60.3259,33.0853,99.4482
23:47:10.341,eb:33:2e:f9:57:b5,,-0.571777,0.709961,0.374512,12.6343,-13.6108,-45.2271,,,,,,,60.4578,34.3762,98.3881
23:47:10.373,eb:33:2e:f9:57:b5,,-0.447754,0.653809,0.412598,29.7852,38.3301,-142.029,,,,,,,60.0458,37.2601,96.6412
23:47:10.436,eb:33:2e:f9:57:b5,,-0.614258,0.591797,0.370117,67.749,110.474,-319.397,,,,,,,60.3479,46.7633,94.021
23:47:10.471,eb:33:2e:f9:57:b5,,-0.852051,0.361328,0.282715,97.5952,36.8042,-453.735,,,,,,,54.646,61.8585,83.1665
23:47:10.501,eb:33:2e:f9:57:b5,,-1.04639,0.007812,0.141602,36.438,146.545,-471.741,,,,,,,18.2098,76.2122,41.7316
23:47:10.548,eb:33:2e:f9:57:b5,,-1.06445,-0.198242,0.158203,35.2783,107.849,-370.789,,,,,,,-59.6997,76.0089,-38.8806
23:47:10.583,eb:33:2e:f9:57:b5,,-0.894531,-0.34082,0.054688,41.8701,74.707,-255.066,,,,,,,-78.8763,65.5939,-61.1609
23:47:10.611,eb:33:2e:f9:57:b5,,-0.901855,-0.564941,0.023926,-6.83594,88.1348,-221.985,,,,,,,-85.4022,56.0632,-69.6204
23:47:10.676,eb:33:2e:f9:57:b5,,-0.76123,-0.637695,-0.041504,-11.1084,115.112,-214.783,,,,,,,-91.4996,47.6257,-76.8494
23:47:10.707,eb:33:2e:f9:57:b5,,-0.700195,-0.762695,-0.108398,-24.7803,106.506,-177.368,,,,,,,-95.6854,39.4958,-81.7767
23:47:10.770,eb:33:2e:f9:57:b5,,-0.552734,-0.844238,-0.177246,-7.44629,101.746,-168.335,,,,,,,-98.4869,32.0087,-86.0999
23:47:10.788,eb:33:2e:f9:57:b5,,-0.447266,-0.915527,-0.222168,-53.4668,82.5806,-173.706,,,,,,,-100.882,24.8071,-88.6707
23:47:10.819,eb:33:2e:f9:57:b5,,-0.372559,-0.922852,-0.231934,-67.8101,86.4258,-163.696,,,,,,,-104.392,17.287,-90.7471
23:47:10.883,eb:33:2e:f9:57:b5,,-0.20752,-0.928223,-0.308594,-44.1284,83.1909,-129.272,,,,,,,-106.831,10.9479,-92.5378
23:47:10.918,eb:33:2e:f9:57:b5,,-0.152344,-0.994141,-0.365234,-82.2144,97.229,-138.184,,,,,,,-109.649,4.55383,-94.0979
23:47:10.946,eb:33:2e:f9:57:b5,,-0.128906,-0.973145,-0.389648,-81.8481,104.309,-59.021,,,,,,,-113.154,-0.911865,-96.3007
23:47:11.010,eb:33:2e:f9:57:b5,,-0.006348,-0.936035,-0.479004,-80.5054,62.0117,70.4346,,,,,,,-116.246,-2.14233,-99.6405
23:47:11.041,eb:33:2e:f9:57:b5,,-0.032227,-0.907227,-0.602051,-146.606,-22.8271,182.434,,,,,,,-120.586,1.46118,-103.178
23:47:11.058,eb:33:2e:f9:57:b5,,-0.13623,-0.848145,-0.655762,-130.676,-196.167,195.557,,,,,,,-126.321,9.93164,-103.683
23:47:11.121,eb:33:2e:f9:57:b5,,-0.330078,-0.694336,-0.529297,-44.0674,-236.755,197.632,,,,,,,-129.315,22.2089,-100.909
23:47:11.187,eb:33:2e:f9:57:b5,,-0.659668,-0.693848,-0.550293,49.4995,-279.602,184.265,,,,,,,-127.024,34.0741,-97.1191
23:47:11.201,eb:33:2e:f9:57:b5,,-0.674805,-0.621582,-0.377441,132.996,-491.577,174.805,,,,,,,-114.302,48.9496,-84.6167
23:47:11.265,eb:33:2e:f9:57:b5,,-0.848633,-0.544434,0.01123,98.6328,-402.649,40.8936,,,,,,,-85.6329,56.0303,-55.6403
23:47:11.297,eb:33:2e:f9:57:b5,,-0.841797,-0.507324,0.254883,95.5811,-291.26,21.6675,,,,,,,-62.0178,53.5748,-31.0803
23:47:11.313,eb:33:2e:f9:57:b5,,-0.729004,-0.482422,0.418945,133.362,-278.198,16.6016,,,,,,,-45.2911,47.774,-16.2543
23:47:11.393,eb:33:2e:f9:57:b5,,-0.658691,-0.435547,0.690918,167.969,-423.706,1.34277,,,,,,,-29.8883,36.3483,-3.08167
23:47:11.424,eb:33:2e:f9:57:b5,,-0.403809,-0.311523,0.858398,144.104,-329.102,-19.4702,,,,,,,-20.451,23.2416,3.8562
23:47:11.440,eb:33:2e:f9:57:b5,,-0.242188,-0.243652,0.77832,67.627,-236.084,-37.0483,,,,,,,-14.9854,12.464,6.21826
23:47:11.519,eb:33:2e:f9:57:b5,,-0.160645,-0.259277,0.996094,34.3018,-231.628,-36.6821,,,,,,,-12.9419,2.64221,7.14111
23:47:11.536,eb:33:2e:f9:57:b5,,0.027344,-0.276855,0.836914,-54.3213,-186.279,-24.5361,,,,,,,-13.645,-4.38904,7.86072
23:47:11.552,eb:33:2e:f9:57:b5,,0.045898,-0.322266,0.946289,-154.053,5.79834,24.0479,,,,,,,-18.3197,-7.52014,8.94836
23:47:11.603,eb:33:2e:f9:57:b5,,-0.090332,-0.523926,0.868164,-256.104,203.308,77.0264,,,,,,,-27.2351,-2.09839,9.03076
23:47:11.632,eb:33:2e:f9:57:b5,,-0.165039,-0.606934,0.938965,-205.444,242.432,61.0352,,,,,,,-36.6394,6.79504,6.61926
23:47:11.697,eb:33:2e:f9:57:b5,,-0.384766,-0.717285,0.695801,-250.793,352.6,40.0391,,,,,,,-46.626,16.5125,0.20874
23:47:11.727,eb:33:2e:f9:57:b5,,-0.407227,-0.685547,0.495117,-232.117,522.705,-38.8794,,,,,,,-63.446,27.2791,-15.1392
23:47:11.759,eb:33:2e:f9:57:b5,,-0.572754,-0.850586,0.253906,-142.822,397.095,-35.8887,,,,,,,-80.8429,30.7068,-35.1617
23:47:11.791,eb:33:2e:f9:57:b5,,-0.597168,-0.815918,-0.027344,-110.962,375.305,25.8179,,,,,,,-94.7626,30.6409,-52.9321
23:47:11.841,eb:33:2e:f9:57:b5,,-0.627441,-0.88623,-0.217285,-123.962,333.191,161.499,,,,,,,-109.314,30.6134,-71.4001
23:47:11.902,eb:33:2e:f9:57:b5,,-0.51416,-0.692383,-0.357422,-88.0127,297.058,218.506,,,,,,,-123.091,31.9427,-89.3903
23:47:11.918,eb:33:2e:f9:57:b5,,-0.5,-0.640625,-0.549316,-41.5039,267.395,150.635,,,,,,,-133.643,30.542,-104.782
23:47:11.998,eb:33:2e:f9:57:b5,,-0.443359,-0.517578,-0.741699,-9.27734,104.37,41.8701,,,,,,,-139.669,27.4878,-114.648
23:47:12.014,eb:33:2e:f9:57:b5,,-0.49707,-0.529297,-0.729004,-2.44141,1.52588,12.5732,,,,,,,-140.674,26.7737,-116.543
23:47:12.030,eb:33:2e:f9:57:b5,,-0.42334,-0.560059,-0.799316,25.0854,-171.875,24.4141,,,,,,,-139.642,29.4818,-115.142
23:47:12.110,eb:33:2e:f9:57:b5,,-0.588867,-0.545898,-0.62207,-9.39941,-357.3,31.7993,,,,,,,-135.082,38.2544,-107.578
23:47:12.125,eb:33:2e:f9:57:b5,,-0.807129,-0.531738,-0.31543,-26.9775,-432.922,35.4614,,,,,,,-123.876,49.8669,-90.8844
23:47:12.158,eb:33:2e:f9:57:b5,,-0.929199,-0.578125,-0.054688,31.25,-517.578,-21.9727,,,,,,,-99.3494,57.6782,-60.6226
23:47:12.206,eb:33:2e:f9:57:b5,,-0.812988,-0.482422,0.214844,129.883,-348.816,26.6113,,,,,,,-66.1542,55.9753,-26.5375
23:47:12.241,eb:33:2e:f9:57:b5,,-0.806641,-0.388672,0.530762,151.001,-331.665,35.9497,,,,,,,-44.0607,49.2297,-6.55335
23:47:12.301,eb:33:2e:f9:57:b5,,-0.659668,-0.395508,0.775879,211.67,-478.882,28.5034,,,,,,,-27.5757,37.9852,7.13013
23:47:12.318,eb:33:2e:f9:57:b5,,-0.559082,-0.249512,0.747559,148.743,-219.971,0.061035,,,,,,,-15.0128,23.2361,14.6942
23:47:12.349,eb:33:2e:f9:57:b5,,-0.333496,-0.150391,0.898438,120.178,-110.168,-5.06592,,,,,,,-9.38232,17.8308,15.9521
23:47:12.413,eb:33:2e:f9:57:b5,,-0.333984,-0.099609,0.890137,36.0107,4.5166,8.91113,,,,,,,-6.31165,15.7214,16.2378
23:47:12.444,eb:33:2e:f9:57:b5,,-0.337402,-0.04541,0.933594,10.0708,72.6318,15.4419,,,,,,,-5.39429,17.3749,16.6003
23:47:12.480,eb:33:2e:f9:57:b5,,-0.415527,-0.091797,0.926758,-4.57764,122.375,16.0522,,,,,,,-5.224,21.5277,16.6827
23:47:12.539,eb:33:2e:f9:57:b5,,-0.552734,-0.100586,0.931152,-94.5435,255.615,21.4233,,,,,,,-7.52014,28.7952,16.2708
23:47:12.571,eb:33:2e:f9:57:b5,,-0.57959,-0.201172,0.752441,-41.5039,210.571,2.31934,,,,,,,-10.3656,38.3972,15.6226
23:47:12.586,eb:33:2e:f9:57:b5,,-0.808594,-0.253906,0.532715,-94.7266,381.348,34.729,,,,,,,-14.7217,49.5044,13.0792
23:47:12.654,eb:33:2e:f9:57:b5,,-0.95166,-0.213867,0.418945,-63.4766,447.266,55.1147,,,,,,,-25.675,66.665,3.96606
23:47:12.682,eb:33:2e:f9:57:b5,,-0.990723,-0.137207,0.13623,-27.9541,275.879,84.4727,,,,,,,-48.2355,79.3652,-17.5012
23:47:12.718,eb:33:2e:f9:57:b5,,-0.970215,-0.086426,-0.060547,10.9253,284.607,73.6694,,,,,,,-138.724,82.793,-108.182
23:47:12.777,eb:33:2e:f9:57:b5,,-0.968262,-0.004395,-0.294434,22.2778,220.764,74.1577,,,,,,,-174.095,73.1635,-144.937
23:47:12.809,eb:33:2e:f9:57:b5,,-0.915527,0.018555,-0.357422,14.5264,65.4907,54.2603,,,,,,,178.22,68.2581,-153.792
23:47:12.841,eb:33:2e:f9:57:b5,,-0.991211,0.076172,-0.398438,40.1001,88.1348,75.3174,,,,,,,174.001,64.8907,-159.681
23:47:12.890,eb:33:2e:f9:57:b5,,-0.900879,0.091797,-0.41748,39.6729,142.395,92.7124,,,,,,,170.057,59.9634,-165.866
23:47:12.920,eb:33:2e:f9:57:b5,,-0.790039,0.117188,-0.570312,15.9302,39.3066,57.1289,,,,,,,167.415,55.6842,-170.239
23:47:12.955,eb:33:2e:f9:57:b5,,-0.807617,0.192871,-0.632324,5.79834,-28.5034,16.6016,,,,,,,166.212,54.7119,-172.112
23:47:13.018,eb:33:2e:f9:57:b5,,-0.855957,0.165039,-0.474609,-12.5122,-189.758,2.80762,,,,,,,163.24,59.502,-175.309
23:47:13.047,eb:33:2e:f9:57:b5,,-0.954102,0.148926,-0.324219,2.2583,-82.4585,6.95801,,,,,,,158.73,64.9951,-179.885
23:47:13.079,eb:33:2e:f9:57:b5,,-0.923828,0.175293,-0.412109,10.9253,-210.693,0.305176,,,,,,,153.781,69.2249,174.287
23:47:13.165,eb:33:2e:f9:57:b5,,-0.998047,0.076172,-0.128906,-42.7856,-415.771,-9.64355,,,,,,,113.351,79.5081,133.132
23:47:13.191,eb:33:2e:f9:57:b5,,-0.936035,0.16748,0.354004,-25.8789,-316.467,-29.541,,,,,,,31.8658,73.9215,52.2235
23:47:13.220,eb:33:2e:f9:57:b5,,-0.973145,0.133301,0.367188,11.4136,-196.228,-28.0762,,,,,,,18.6383,66.9727,38.3478
23:47:13.286,eb:33:2e:f9:57:b5,,-0.836914,0.106934,0.57373,81.2988,-445.129,17.334,,,,,,,13.4253,54.4373,30.6134
23:47:13.302,eb:33:2e:f9:57:b5,,-0.618652,0.209473,0.705078,26.2451,-232.727,-10.498,,,,,,,12.8595,41.0339,26.5485
23:47:13.318,eb:33:2e:f9:57:b5,,-0.571289,0.135254,0.795898,19.8975,-252.686,-18.3716,,,,,,,11.673,31.9043,23.3789
23:47:13.399,eb:33:2e:f9:57:b5,,-0.462402,0.224609,0.868164,11.1694,-226.196,-22.583,,,,,,,11.5466,21.4893,20.495
23:47:13.437,eb:33:2e:f9:57:b5,,-0.347656,0.203613,0.949707,-13.7939,-43.8232,-9.0332,,,,,,,10.6567,17.7869,19.1162
23:47:13.449,eb:33:2e:f9:57:b5,,-0.359375,0.153809,0.907715,-18.3716,1.40381,-6.7749,,,,,,,10.1678,16.7212,18.468
23:47:13.495,eb:33:2e:f9:57:b5,,-0.359375,0.168457,0.978516,-12.7563,11.4746,-4.57764,,,,,,,9.32739,17.254,18.3362
23:47:13.526,eb:33:2e:f9:57:b5,,-0.376465,0.143066,0.929199,-25.6958,46.6309,0.244141,,,,,,,8.50891,18.5999,18.4351
23:47:13.558,eb:33:2e:f9:57:b5,,-0.489746,0.112305,0.921875,-122.009,251.16,17.8223,,,,,,,5.7843,24.527,19.4843
23:47:13.622,eb:33:2e:f9:57:b5,,-0.550293,0.033691,0.814941,-171.326,399.048,19.3481,,,,,,,0.53833,38.1885,21.2805
23:47:13.638,eb:33:2e:f9:57:b5,,-0.79834,-0.049316,0.65625,-88.9893,492.31,-7.99561,,,,,,,-6.00403,55.0085,19.693
23:47:13.701,eb:33:2e:f9:57:b5,,-1.03369,-0.084961,0.34668,-24.292,395.447,42.7246,,,,,,,-15.2435,73.2513,12.085
23:47:13.733,eb:33:2e:f9:57:b5,,-0.973145,-0.037598,0.01416,-8.91113,297.058,38.5132,,,,,,,-67.868,86.3855,-40.3857
23:47:13.766,eb:33:2e:f9:57:b5,,-0.993164,-0.029297,-0.165527,2.62451,220.215,28.8086,,,,,,,-170.535,80.3046,-142.96
23:47:13.829,eb:33:2e:f9:57:b5,,-0.975098,0.004883,-0.245117,7.69043,208.801,13.0005,,,,,,,-177.671,72.1637,-150.59
23:47:13.861,eb:33:2e:f9:57:b5,,-0.956055,-0.01123,-0.39502,18.0054,145.386,29.4189,,,,,,,-178.929,64.726,-152.419
23:47:13.877,eb:33:2e:f9:57:b5,,-0.86377,0.041992,-0.519043,53.894,183.96,93.5669,,,,,,,177.649,57.6398,-158.176
23:47:13.951,eb:33:2e:f9:57:b5,,-0.77832,0.054688,-0.614746,29.2358,115.479,29.48,,,,,,,176.287,51.8994,-161.763
23:47:13.988,eb:33:2e:f9:57:b5,,-0.791016,0.091797,-0.646973,18.3716,65.8569,10.5591,,,,,,,176.6,48.3124,-162.493
23:47:14.036,eb:33:2e:f9:57:b5,,-0.712891,0.059082,-0.741699,21.1792,55.481,16.7847,,,,,,,177.028,45.4669,-163.196
23:47:14.070,eb:33:2e:f9:57:b5,,-0.725098,0.060059,-0.682617,2.31934,-8.97217,11.9019,,,,,,,176.885,44.9506,-163.894
23:47:14.100,eb:33:2e:f9:57:b5,,-0.720215,0.070801,-0.761719,-2.50244,-18.7378,-2.38037,,,,,,,176.814,45.022,-164.196
23:47:14.127,eb:33:2e:f9:57:b5,,-0.666016,0.0625,-0.789062,-9.46045,-218.872,-35.0342,,,,,,,177.105,49.4,-163.427
23:47:14.183,eb:33:2e:f9:57:b5,,-0.869629,0.05957,-0.562012,-6.5918,-267.456,-15.0757,,,,,,,177.089,59.1119,-162.933
23:47:14.212,eb:33:2e:f9:57:b5,,-0.916992,0.003418,-0.328613,-22.2778,-562.256,-31.0059,,,,,,,176.254,74.8224,-163.268
23:47:14.244,eb:33:2e:f9:57:b5,,-1.021,-0.019531,0.296387,19.043,-488.525,-31.0669,,,,,,,2.21374,79.4257,22.5769
23:47:14.311,eb:33:2e:f9:57:b5,,-0.960938,0.000488,0.429199,13.4888,-281.677,-17.395,,,,,,,-0.488892,65.2039,19.0283
23:47:14.340,eb:33:2e:f9:57:b5,,-0.806641,0.037109,0.638672,85.9375,-374.756,-2.07519,,,,,,,1.31836,51.2677,18.5504
23:47:14.371,eb:33:2e:f9:57:b5,,-0.613281,0.095215,0.808105,60.3638,-298.157,-22.3999,,,,,,,3.14209,39.5673,17.3419
23:47:14.419,eb:33:2e:f9:57:b5,,-0.489258,0.075195,0.90625,65.1245,-279.114,-37.2925,,,,,,,4.52087,28.4161,15.1227
23:47:14.451,eb:33:2e:f9:57:b5,,-0.39502,0.103027,0.910156,75.9277,-256.653,-51.0864,,,,,,,6.46545,16.875,11.9421
23:47:14.486,eb:33:2e:f9:57:b5,,-0.398926,0.064453,0.92334,-52.3682,50.5981,0.427246,,,,,,,5.74585,14.079,10.6128
23:47:14.547,eb:33:2e:f9:57:b5,,-0.365234,0.062012,0.939941,-75.1953,155.579,19.165,,,,,,,3.44421,18.5999,11.3544
23:47:14.580,eb:33:2e:f9:57:b5,,-0.439941,0.024902,0.921875,-70.4956,188.293,21.6675,,,,,,,0.917358,25.741,12.42
23:47:14.611,eb:33:2e:f9:57:b5,,-0.638184,-0.033203,0.840332,-143.921,350.647,17.7002,,,,,,,-3.32336,36.4856,12.9419
23:47:14.658,eb:33:2e:f9:57:b5,,-0.902344,-0.118652,0.702637,-91.7969,552.49,34.2407,,,,,,,-10.5194,54.7229,10.7721
23:47:14.700,eb:33:2e:f9:57:b5,,-0.984375,-0.098145,0.368652,-45.3491,424.194,26.5503,,,,,,,-22.1484,72.6636,0.889893
23:47:14.730,eb:33:2e:f9:57:b5,,-1.02588,-0.077637,0.11377,5.98144,426.697,66.1621,,,,,,,-101.047,84.8474,-78.2721
23:47:14.784,eb:33:2e:f9:57:b5,,-0.995605,-0.029297,-0.254395,8.97217,274.231,60.73,,,,,,,-172.408,74.4708,-150.37
23:47:14.818,eb:33:2e:f9:57:b5,,-0.92041,0.009277,-0.432129,4.02832,190.918,53.6499,,,,,,,-179.989,65.2698,-158.588
23:47:14.848,eb:33:2e:f9:57:b5,,-0.899902,0.051758,-0.44873,0.427246,129.333,27.4658,,,,,,,177.297,59.5953,-161.598
23:47:14.911,eb:33:2e:f9:57:b5,,-0.840332,0.052246,-0.594238,4.94385,72.6318,25.5737,,,,,,,176.451,55.1624,-162.724
23:47:14.927,eb:33:2e:f9:57:b5,,-0.8125,0.072754,-0.600586,-2.2583,41.748,18.0664,,,,,,,175.408,52.7673,-164.048
23:47:14.959,eb:33:2e:f9:57:b5,,-0.79834,0.087891,-0.58252,-21.3013,-30.1514,-3.11279,,,,,,,174.529,52.4707,-164.476
23:47:15.054,eb:33:2e:f9:57:b5,,-0.755859,0.111816,-0.558105,-24.292,-173.523,-16.4185,,,,,,,173.337,55.8105,-164.641
23:47:15.088,eb:33:2e:f9:57:b5,,-0.92627,0.066406,-0.402344,-27.9541,-340.149,-6.28662,,,,,,,170.7,65.2753,-166.597
23:47:15.117,eb:33:2e:f9:57:b5,,-0.891113,-0.152832,0.371094,-129.517,-566.101,-145.874,,,,,,,120.487,85.7428,146.168
23:47:15.165,eb:33:2e:f9:57:b5,,-0.63916,0.146973,0.831543,-24.4751,-201.477,-115.112,,,,,,,-4.66919,76.1737,23.1866
23:47:15.197,eb:33:2e:f9:57:b5,,-0.534668,0.033691,0.754883,0.549316,-50.2319,-169.922,,,,,,,-20.2863,69.8291,7.19055
23:47:15.232,eb:33:2e:f9:57:b5,,-0.601562,-0.025391,0.51123,-39.3677,43.335,-145.142,,,,,,,-38.0896,67.4286,-10.9039
23:47:15.291,eb:33:2e:f9:57:b5,,-0.508789,-0.243652,0.114746,36.6821,149.658,-135.071,,,,,,,-52.8003,66.0718,-26.922
23:47:15.323,eb:33:2e:f9:57:b5,,-0.963867,-0.494141,-0.169922,62.0728,136.902,-146.057,,,,,,,-64.0009,62.5891,-42.204
23:47:15.365,eb:33:2e:f9:57:b5,,-1.14941,-0.794922,-0.284668,13.7939,148.315,-119.69,,,,,,,-75.3497,59.2877,-57.041
23:47:15.387,eb:33:2e:f9:57:b5,,-1.16992,-0.672852,-0.206543,39.7339,142.456,-28.9917,,,,,,,-85.9955,57.3651,-70.2191
23:47:15.419,eb:33:2e:f9:57:b5,,-0.890137,-0.504883,-0.036133,65.3687,-124.939,-32.959,,,,,,,-82.2931,56.6565,-67.8955
23:47:15.467,eb:33:2e:f9:57:b5,,-1.19971,-0.881348,-0.41748,39.856,53.5278,5.18799,,,,,,,-78.2336,55.8984,-65.6982
23:47:15.498,eb:33:2e:f9:57:b5,,-0.880859,-0.477051,0.109375,71.106,-63.8428,16.6626,,,,,,,-77.7612,57.4365,-66.4893
23:47:15.531,eb:33:2e:f9:57:b5,,-0.890137,-0.531738,0.091309,12.0239,-43.6401,7.08008,,,,,,,-71.7627,57.2662,-61.8036
23:47:15.595,eb:33:2e:f9:57:b5,,-0.930664,-0.532715,0.212891,10.1318,40.8325,-78.5522,,,,,,,-72.2626,55.6732,-62.7649
23:47:15.631,eb:33:2e:f9:57:b5,,-0.894043,-0.38916,0.277344,96.8018,28.0151,136.536,,,,,,,-71.488,60.3094,-64.4513
23:47:15.658,eb:33:2e:f9:57:b5,,-0.961914,-0.433105,0.077148,81.0547,16.9678,106.628,,,,,,,-65.3192,65.6488,-62.1332
23:47:15.722,eb:33:2e:f9:57:b5,,-0.976562,-0.354004,0.072266,35.8887,141.846,59.2651,,,,,,,-66.5771,69.6588,-65.6818
23:47:15.738,eb:33:2e:f9:57:b5,,-0.989258,-0.243164,-0.041992,43.335,78.7354,101.624,,,,,,,-82.3975,74.2236,-83.5895
23:47:15.772,eb:33:2e:f9:57:b5,,-0.719727,0.34375,0.044434,84.1675,-147.278,16.6016,,,,,,,-71.4056,81.1835,-74.2017
23:47:15.839,eb:33:2e:f9:57:b5,,-1.01172,-0.232422,-0.062988,33.4473,2.38037,-1.09863,,,,,,,-65.5115,81.0681,-70.675
23:47:15.865,eb:33:2e:f9:57:b5,,-1.01856,-0.100586,0.058594,0.549316,-0.427246,0.488281,,,,,,,-64.1382,81.1285,-69.8016
23:47:15.900,eb:33:2e:f9:57:b5,,-1.00928,-0.135742,0.123047,-12.207,-1.0376,0.854492,,,,,,,-64.7754,81.1945,-66.6046
23:47:15.977,eb:33:2e:f9:57:b5,,-1.01562,-0.098633,0.055176,,,0.12207,,,,,,,-64.7589,81.2,-66.5167
23:47:16.009,eb:33:2e:f9:57:b5,,-1.01611,-0.103027,0.054688,,,0.12207,,,,,,,-64.7699,81.2,-66.5057
23:47:16.025,eb:33:2e:f9:57:b5,,-1.01709,-0.104492,0.053711,,,0.061035,,,,,,,-64.7809,81.2054,-66.4838
23:47:16.073,eb:33:2e:f9:57:b5,,-1.01758,-0.100586,0.054199,,,0.12207,,,,,,,-64.7919,81.2109,-66.4673
23:47:16.139,eb:33:2e:f9:57:b5,,-1.0166,-0.102051,0.053223,,,0.12207,,,,,,,-64.8084,81.2164,-66.4563
23:47:16.152,eb:33:2e:f9:57:b5,,-1.01807,-0.104004,0.052734,,,0.183105,,,,,,,-64.8084,81.2164,-66.4233
23:47:16.200,eb:33:2e:f9:57:b5,,-1.01465,-0.100098,0.055176,,0.061035,0.244141,,,,,,,-64.8029,81.2164,-66.3904
23:47:16.217,eb:33:2e:f9:57:b5,,-1.01562,-0.099121,0.054199,,,0.244141,,,,,,,-64.8084,81.2219,-66.3684
23:47:16.249,eb:33:2e:f9:57:b5,,-1.01807,-0.100586,0.053711,,,0.183105,,,,,,,-64.8029,81.2219,-66.33
23:47:16.312,eb:33:2e:f9:57:b5,,-1.01709,-0.101562,0.055664,,,0.244141,,,,,,,-64.7919,81.2164,-66.2915
23:47:16.344,eb:33:2e:f9:57:b5,,-1.01465,-0.104492,0.055664,,0.061035,0.183105,,,,,,,-64.7919,81.2219,-66.264
23:47:16.376,eb:33:2e:f9:57:b5,,-1.01709,-0.101074,0.054688,,,0.12207,,,,,,,-64.8029,81.2219,-66.2421
23:47:16.439,eb:33:2e:f9:57:b5,,-1.0166,-0.101562,0.053711,,-0.061035,0.12207,,,,,,,-64.7919,81.2164,-66.2036
23:47:16.471,eb:33:2e:f9:57:b5,,-1.01904,-0.100586,0.051758,,,0.12207,,,,,,,-64.7809,81.2164,-66.1652
23:47:16.519,eb:33:2e:f9:57:b5,,-1.01709,-0.101562,0.054199,,,0.12207,,,,,,,-64.7809,81.2164,-66.1322
23:47:16.550,eb:33:2e:f9:57:b5,,-1.0166,-0.103516,0.054199,,-0.061035,0.12207,,,,,,,-64.7699,81.2164,-66.0938
23:47:16.582,eb:33:2e:f9:57:b5,,-1.01318,-0.103516,0.055176,,,0.183105,,,,,,,-64.7589,81.2164,-66.0498
23:47:16.648,eb:33:2e:f9:57:b5,,-1.021,-0.098633,0.053223,,,0.12207,,,,,,,-64.7534,81.2164,-66.0223
23:47:16.677,eb:33:2e:f9:57:b5,,-1.01221,-0.100586,0.054688,,,0.244141,,,,,,,-64.7424,81.2164,-65.9784
23:47:16.709,eb:33:2e:f9:57:b5,,-1.0166,-0.103027,0.052734,,,0.12207,,,,,,,-64.7314,81.2164,-65.9454
23:47:16.757,eb:33:2e:f9:57:b5,,-1.01807,-0.102539,0.054199,,,0.12207,,,,,,,-64.726,81.2164,-65.9015
23:47:16.789,eb:33:2e:f9:57:b5,,-1.01709,-0.100098,0.054199,,,0.183105,,,,,,,-64.7095,81.2164,-65.863
23:47:16.821,eb:33:2e:f9:57:b5,,-1.01611,-0.100098,0.053711,,,0.12207,,,,,,,-64.6985,81.2164,-65.8191
23:47:16.885,eb:33:2e:f9:57:b5,,-1.02197,-0.106934,0.050781,,,0.12207,,,,,,,-64.693,81.2219,-65.7861
23:47:16.933,eb:33:2e:f9:57:b5,,-1.01465,-0.101562,0.054199,,,0.183105,,,,,,,-64.671,81.2219,-65.7312
23:47:16.964,eb:33:2e:f9:57:b5,,-1.01904,-0.096191,0.052734,,,0.12207,,,,,,,-64.5007,81.3043,17.6001
23:47:16.996,eb:33:2e:f9:57:b5,,-1.01514,-0.104004,0.054688,,,0.183105,,,,,,,-64.4568,82.4304,17.7155
23:47:17.060,eb:33:2e:f9:57:b5,,-1.0166,-0.102539,0.054199,,,0.183105,,,,,,,-63.0945,82.4634,19.0887
23:47:17.076,eb:33:2e:f9:57:b5,,-1.01709,-0.099609,0.053711,,,0.12207,,,,,,,-62.5177,82.5128,19.726
23:47:17.124,eb:33:2e:f9:57:b5,,-1.01807,-0.102051,0.053711,,,0.183105,,,,,,,-62.1112,82.5513,20.1929
23:47:17.188,eb:33:2e:f9:57:b5,,-1.01465,-0.103027,0.055176,,,0.183105,,,,,,,-61.9354,82.5677,20.4236
23:47:17.204,eb:33:2e:f9:57:b5,,-1.01709,-0.099609,0.054199,,,0.183105,,,,,,,-61.8365,82.5732,20.5664
23:47:17.236,eb:33:2e:f9:57:b5,,-1.01758,-0.102539,0.053711,,,0.12207,,,,,,,-61.7487,82.5842,20.6982
23:47:17.283,eb:33:2e:f9:57:b5,,-1.01611,-0.102539,0.053711,,,0.244141,,,,,,,-61.6882,82.5842,20.7861
23:47:17.315,eb:33:2e:f9:57:b5,,-1.01514,-0.099121,0.054199,,,0.12207,,,,,,,-61.6553,82.5897,20.8466
23:47:17.363,eb:33:2e:f9:57:b5,,-1.01807,-0.101074,0.053711,,,0.183105,,,,,,,-61.6058,82.5952,20.918
23:47:17.395,eb:33:2e:f9:57:b5,,-1.01416,-0.101562,0.055176,,,0.244141,,,,,,,-61.5839,82.6007,20.9674
23:47:17.426,eb:33:2e:f9:57:b5,,-1.01807,-0.101562,0.053711,,,0.12207,,,,,,,-61.5509,82.6062,21.0168
23:47:17.490,eb:33:2e:f9:57:b5,,-1.0166,-0.101562,0.053711,,,0.12207,,,,,,,-61.5454,82.6062,21.0388
23:47:17.515,eb:33:2e:f9:57:b5,,-1.01514,-0.101562,0.053711,,,0.244141,,,,,,,-61.5399,82.6062,21.0608
23:47:17.538,eb:33:2e:f9:57:b5,,-1.01611,-0.100586,0.052734,,,0.12207,,,,,,,-61.5344,82.6062,21.0773
23:47:17.602,eb:33:2e:f9:57:b5,,-1.01758,-0.101074,0.052734,,,0.183105,,,,,,,-61.5234,82.6117,21.0992
23:47:17.634,eb:33:2e:f9:57:b5,,-1.01465,-0.102539,0.054688,,,0.12207,,,,,,,-61.507,82.6117,21.1267
23:47:17.666,eb:33:2e:f9:57:b5,,-1.01611,-0.100586,0.053711,,,0.12207,,,,,,,-61.5015,82.6117,21.1432
23:47:17.732,eb:33:2e:f9:57:b5,,-1.0166,-0.100098,0.052246,,-0.061035,0.183105,,,,,,,-61.4905,82.6117,21.1597
23:47:17.760,eb:33:2e:f9:57:b5,,-1.01807,-0.102539,0.052246,,,0.183105,,,,,,,-61.474,82.6117,21.1871
23:47:17.775,eb:33:2e:f9:57:b5,,-1.01123,-0.102051,0.056641,,0.183105,0.244141,,,,,,,-61.463,82.6117,21.2036
23:47:17.874,eb:33:2e:f9:57:b5,,-1.02441,-0.101074,0.052734,,,0.183105,,,,,,,-61.452,82.6117,21.2201
23:47:17.903,eb:33:2e:f9:57:b5,,-1.01367,-0.101562,0.055664,,,0.12207,,,,,,,-61.452,82.6117,21.2256
23:47:17.935,eb:33:2e:f9:57:b5,,-1.02051,-0.100586,0.052734,,,0.12207,,,,,,,-61.441,82.6172,21.2421
23:47:17.968,eb:33:2e:f9:57:b5,,-1.0166,-0.103516,0.054199,,0.061035,0.183105,,,,,,,-61.441,82.6172,21.2476
23:47:17.998,eb:33:2e:f9:57:b5,,-1.02148,-0.098145,0.052734,,-0.12207,0.12207,,,,,,,-61.4465,82.6172,21.2476
23:47:18.046,eb:33:2e:f9:57:b5,,-1.01514,-0.103516,0.055176,,0.061035,0.183105,,,,,,,-61.4355,82.6172,21.264
23:47:18.078,eb:33:2e:f9:57:b5,,-1.0166,-0.102539,0.054199,,,0.244141,,,,,,,-61.4355,82.6172,21.264
23:47:18.110,eb:33:2e:f9:57:b5,,-1.01904,-0.097656,0.052246,,,0.183105,,,,,,,-61.4355,82.6172,21.2695
23:47:18.174,eb:33:2e:f9:57:b5,,-1.01416,-0.103516,0.054199,,,0.183105,,,,,,,-61.4301,82.6227,21.286
23:47:18.206,eb:33:2e:f9:57:b5,,-1.01904,-0.102051,0.053223,0.061035,,0.183105,,,,,,,-61.4246,82.6227,21.286
23:47:18.241,eb:33:2e:f9:57:b5,,-1.01514,-0.099609,0.055176,,,0.183105,,,,,,,-61.4246,82.6227,21.2915
23:47:18.301,eb:33:2e:f9:57:b5,,-1.0249,-0.104004,0.050781,,-0.12207,0.061035,,,,,,,-61.4191,82.6227,21.3025
23:47:18.333,eb:33:2e:f9:57:b5,,-1.01123,-0.101074,0.054688,0.061035,-0.061035,0.12207,,,,,,,-61.4246,82.6227,21.3025
23:47:18.365,eb:33:2e:f9:57:b5,,-1.01514,-0.097656,0.05127,,,0.183105,,,,,,,-61.4136,82.6227,21.3135
